"4バックが2バックになるのはよくあることだから多少はね ","23:32:19"
"ハメス変わっちゃった ","23:32:19"
"ハメス、交代？  ","23:32:19"
"酒井高徳の場違い感www ","23:32:19"
"ハメスが消えた･･･コロンビア････","23:32:23"
"コロンビアはハメスがアウトか","23:32:23"
"ハメス怪我か","23:32:26"
"あっぶねええええ ","23:32:27"
"おおおおおおおおおおおおおお ","23:32:28"
"セネガル戦の後半戦 みたいな動きすれば崩せそうだけど ","23:32:28"
"【⚽2018ロシアW杯速報⚽】🇸🇳セネガルvsコロンビア🇨🇴前半31分ここでハメス・ロドリゲス🇨🇴が交代！速報はこちら⇒https://t.co/fvy93QNpJP","23:32:28"
"あっぶな ","23:32:29"
"川島！！！！！！！ ","23:32:29"
"川島！！！！！！ ","23:32:29"
"えっえっハメス交替？  ","23:32:29"
"何というか慣れない布陣が日本にストレス与えてる感ある無理にやる強行する布陣ではなかった","23:32:29"
"川島神！！！！！！！ ","23:32:29"
"ハメス・ロドリゲス、前半で交代？？？ ","23:32:30"
"ｱﾚ？ハメスロドリゲス交代…？ ","23:32:30"
"ハメス交代⁉️ ","23:32:30"
"TVも良いけど、ラジオも良いよ📻","23:32:30"
"川島よくやった！！","23:32:31"
"槙野シャワーがなんか凄かった🤣 ","23:32:31"
"川島！ ","23:32:31"
"おーやったぜ ","23:32:32"
"とめたあああああああ ","23:32:32"
"川島あぶねええええええええええ ","23:32:33"
"かわしまあああああああああ！！","23:32:33"
"あぶな","23:32:33"
"とめたー！！！ ","23:32:33"
"川島ナイスうううう ","23:32:33"
"川島あああああああああああああああああああああああああああありがとおおおおおおおおおおおおおおおおおおおおおおおおおおお","23:32:34"
"川島ナイスセーブ！！！！ ","23:32:34"
"天下のレヴァンドフスキとは言え、うまくいっていない時にちゃんと対応されれば上手くいかない（ことのほうが多い）はず。","23:32:34"
"川島ｗｗｗ ","23:32:34"
"川島ナイスクリアー！！ ","23:32:34"
"あぶねええええええええええええええええええええ ","23:32:34"
"ナイスキー！！！！！！！ ","23:32:34"
"川島ナイス ","23:32:34"
"川島ないすうううううう ","23:32:35"
"あっぶね ","23:32:35"
"あっぶなー ","23:32:35"
"あぶなすぎー！覚悟したわ ","23:32:35"
"これは川島 ","23:32:35"
"あっぶねええ ","23:32:35"
"川島！！！！！ ","23:32:35"
"かわいしますげぇーーーーーーーーーーーーーーー ","23:32:35"
"川島さんやりおる ","23:32:35"
"あっっぶねー！！！ ","23:32:35"
"さあ頑張ろうぜメンバー変わってもいけるか ","23:32:35"
"ハメス交代 ","23:32:36"
"これは川島ナイスキー　 ","23:32:36"
"あぶねーーー ","23:32:36"
"おおう…","23:32:36"
"あっぶねええええ ","23:32:36"
"川島さん…！ ","23:32:36"
"あっぶねー ","23:32:36"
"川島いいぞっ！ ","23:32:36"
"川島神来た。 ","23:32:36"
"ナイスキー! ","23:32:36"
"かわしまー！！！ ","23:32:36"
"信じてたでええええええええええええ ","23:32:36"
"川島仕事した。","23:32:36"
"こえー ","23:32:37"
"川島ナイス！ ","23:32:37"
"川島ァ！ちゃんと止めたな ","23:32:37"
"川島よくやった！ ","23:32:37"
"川島ナイスセーブ！！！ ","23:32:37"
"ナイスセーブ！","23:32:37"
"川島ww","23:32:37"
"神シマｷﾀ━━━━(ﾟ∀ﾟ)━━━━!! ","23:32:37"
"川島ぁぁぁ！！！止めた！！！","23:32:37"
"あーぶーなーーー ","23:32:37"
"川島やるやん！！ ","23:32:37"
"川島！ ","23:32:37"
"かわしまーーーーーーー！！！！！","23:32:38"
"川島それでいい","23:32:38"
"これはよくやった　 ","23:32:38"
"はい俺たちの川島 ","23:32:38"
"危なすぎる…。","23:32:38"
"川島よくやった！ ","23:32:38"
"川島！ ","23:32:38"
"もう関暁夫にしか見えない宇佐美。(宇佐美は拾い画)","23:32:38"
"川島ナイス！ ","23:32:38"
"パンチングしなかった ","23:32:38"
"川島ァ！ ","23:32:38"
"このぐたりんちょのまま終わらないかな ","23:32:39"
"あぶねーあぶねー ","23:32:39"
"ナイスセーブ ","23:32:39"
"川島仕事したあああああああああああ！！！！うそくせええええええええ ","23:32:39"
"川島止めたぁぁぁぁぁ！ ","23:32:39"
"川島！！！！！ ","23:32:39"
"川島wwwwwwwwwwwwwwww","23:32:39"
"危なかったあああああああああああああああああああああああああああああああああ ","23:32:39"
"かわしまー","23:32:39"
"川島ナイスキーキタキタキタキタ","23:32:39"
"川島ナイス！！！","23:32:39"
"川島、神ってる ","23:32:39"
"かーしまー！！ ","23:32:39"
"川島+10 ","23:32:39"
"おおおおおおおないすきー ","23:32:40"
"おおお ","23:32:40"
"川島よく止めた！ ","23:32:40"
"川島ァ!! ","23:32:40"
"あぶない　川島ナイスセーブ！ ","23:32:40"
"川島ナイス！！！","23:32:40"
"川島、よく弾いた！ ","23:32:40"
"川島ごめんなさい ","23:32:41"
"宇佐美もうええて","23:32:41"
"川島、スーパーセーブ出たね！ ","23:32:41"
"危な ","23:32:41"
"川島ナイスセーブ ","23:32:41"
"詰められてなくて良かった。。。 ","23:32:41"
"シュートの前のファウル良くないなあ ","23:32:42"
"川島よくやった！！！ ","23:32:42"
"川島いいぞw","23:32:42"
"川島ー！ナイスキー！！！ ","23:32:42"
"川島！スーパセーブ！ ","23:32:42"
"これは世界の川島！！！！！","23:32:42"
"川島ファインセーブ!! ","23:32:42"
"川島 ネ申！！","23:32:42"
"かわしま、とめた。","23:32:43"
"あっぶなーい！　ナイスセーブ","23:32:43"
"うああああぶねえええええ","23:32:43"
"川島あぶねええっっうぇ ","23:32:43"
"あっさりとバイタルをからにしてしまうのやめてｗ ","23:32:43"
"カワシマ〜〜ー ","23:32:43"
"これはメス川島！ ","23:32:43"
"武藤には悪いけど今日の武藤の役割はどんどん動いてプレス掛けてポーランドを疲労させる事","23:32:43"
"ここにきて川島仕事した！ ","23:32:43"
"VARなし？川島どうした","23:32:43"
"川島さん止めた！  ","23:32:43"
"ボールキャッチカワシマ！Alright！ボールキャッチカワシマ！さあみんなで(ハイ!ハイ!)ボールキャッチカワシマ！ボール捕ろう(Smile！ボールキャッチ！カワシマ！)","23:32:43"
"川島選手、ナイスセーブ！ ","23:32:44"
"ひえぇええ  ","23:32:44"
"こっわ!!!","23:32:44"
"ナイスセーブ！！","23:32:44"
"ナイス川島！ ","23:32:44"
"かーわーしーまー！！！ ","23:32:44"
"川島！！","23:32:44"
"やっとでた！ナイスセーブ！ ","23:32:44"
"川島今のはええやん ","23:32:44"
"ナイッセー川島 ","23:32:44"
"いいぞ川島　 ","23:32:45"
"ナイスキーパー川島よく止めた","23:32:45"
"川島よう止めた！！！ ","23:32:45"
"川島ぁぁぁぁぁぁぁぁぁぁぁぁぁぁぁぁぁぁぁぁぁぁぁぁぁぁぁぁぁぁ！！！！！！","23:32:45"
"さすが元大宮アルディージャの川島・・・ ","23:32:45"
"おおお川島止めた！ ","23:32:45"
"川島ナイスゥゥゥゥゥゥ！！！！！！ ","23:32:46"
"あっぶね","23:32:46"
"あぶねええええ","23:32:46"
"川島止めたー＃daihyo ＃ワールドカップ","23:32:46"
"上げさせるんじゃないってば！ ","23:32:46"
"おお川島がんがった ","23:32:46"
"川島の逆襲のビッグセーブ","23:32:46"
"川島スーパーセーブ！！！！","23:32:47"
"川島www ","23:32:47"
"川島ビッグプレー！ｗｗｗ ","23:32:47"
"ポーランドがなにしたいのかイマイチわからんな。引き分けでいいのかな？ま、それでいいんたけど。 ","23:32:47"
"川島*ﾟДﾟ)*ﾟдﾟ)(*ﾟДﾟ)ｵｫｫ...","23:32:47"
"ヒヤッしたわー ","23:32:47"
"川島が役に立った ","23:32:47"
"川島いいぞ！この後のコーナーも気をつけて　 ","23:32:47"
"あぶー ","23:32:47"
"かわしまぁぁぁぁぁぁぁぁぁぁぁぁ","23:32:47"
"あっぶなっ ","23:32:47"
"ナイス川島 ","23:32:47"
"今日の川島は冴えてる！","23:32:47"
"今度はゴールの中じゃないのか  ","23:32:47"
"危ない 危ない ","23:32:47"
"よし！ ","23:32:47"
"川島ナイス！ ","23:32:48"
"川島ナイスキーパー！ ","23:32:48"
"あーこわいこわいこわいこわい川島仕事した　","23:32:48"
"川島また仕事したあああああああああああああああああ ","23:32:48"
"ヒヤッとさせんな…(2回目)","23:32:48"
"これが経験 ","23:32:48"
"酒取りに行ってたらなにが ","23:32:48"
"あぶねえよ！！ ","23:32:48"
"川島ぁ〜❤️","23:32:48"
"あぶねえええええええええええええええ川島ああああああああああああナイスううううううううう","23:32:49"
"KAWASHIMA DID SOMETHING. ","23:32:49"
"よおおおし！止めたぞ川島！","23:32:49"
"川島あああああああ！ ","23:32:49"
"川島よくやった ","23:32:49"
"あぶねー、あぶねー ","23:32:49"
"ナイスセーブだ！ ","23:32:49"
"おお〜川島 ","23:32:49"
"川島かき出した ","23:32:49"
"あと今のスライディングはイエロー ","23:32:50"
"川島ーーーー😭😭😭😭ありがとう！！","23:32:50"
"川島！(´・ω・｀)","23:32:50"
"川島よく止めた！！！！！！ ","23:32:50"
"どや〜〜〜‼️","23:32:50"
"川島守った！！！ ","23:32:51"
"川島ナイスセーブ！（ﾃﾉﾋﾗｸﾙｰ） ","23:32:51"
"あぶねーー川島ナイスセーブ！","23:32:51"
"おぉ〜！あぶねぇ〜！！今のは川島よく止めたなぁ〜！！(^^;　","23:32:51"
"川島さんが止めたあああああああああアアアアアアアアアアアアアアアアア？？？？？？？？！！！！！！！！！ ","23:32:51"
"神島さんや！！！(手首ぐりん) ","23:32:51"
"川島さんナイス―――――！！ q(≧∇≦*p ","23:32:51"
"川島ーーー‼️ ","23:32:51"
"川島！！！！！ ","23:32:51"
"川島ファインセーブ！　","23:32:51"
"ナイスキーパー ","23:32:51"
"今回はしっかり止めた。 ","23:32:51"
"あぶねー！川島ナイス！","23:32:52"
"川島止めた‼","23:32:52"
"川島が！！ ","23:32:52"
"川島ファインセーブ！！","23:32:52"
"川島がやっといい働きしたww","23:32:52"
"大丈夫川島今のは本当に入ってなかったよ！！！ ","23:32:52"
"かわしまー！？  ","23:32:52"
"良く止めた川島！","23:32:52"
"おーっ、川島。。。！ ","23:32:52"
"よく止めた！ ","23:32:52"
"川島ようやった！ ","23:32:52"
"川島ナイス！！！！！！！！！！","23:32:52"
"川島怖えよ…","23:32:53"
"川島初仕事。ナイス。 ","23:32:53"
"よく止めた！ ","23:32:53"
"ナイス川島いいぞ！🇯🇵×🇵🇱 ","23:32:53"
"川島！ナイス！","23:32:53"
"危ない！！！危なすぎる！！！ ","23:32:53"
"ん？止めた？ ","23:32:53"
"止めた！！！ありがたや神島選手きたああああ ","23:32:53"
"いいよ川島、ナイスセーブ！ ","23:32:54"
"今日の川島は当たりの日か ","23:32:54"
"川島乗れ～ ","23:32:54"
"よく止めた！！ ","23:32:54"
"掻き出しました、は良い表現。 ","23:32:54"
"ナイスセーブ川島","23:32:54"
"さっそく長友のポジショニングの悪さが出ましたね。　","23:32:54"
"川島あああ！ ","23:32:54"
"かわしまー！","23:32:54"
"川島ナイス 素晴らしい ","23:32:54"
"えいじさんグッジョブ。間に合った！","23:32:54"
"川島ナイスセーブ！！てか、ポジショニング悪っ！","23:32:54"
"川島ナイス！ ","23:32:54"
"川島やっと仕事したか。","23:32:55"
"かわしまぁぁ ","23:32:55"
"右手一本！！ ","23:32:55"
"川島さんやればできるで！！ ","23:32:55"
"おっと、コロンビアは、ハメス・ロドリゲスが早くも途中交代だ。がんばれ、セネガル！ ","23:32:55"
"川島ナイキー！","23:32:55"
"川島ファイトセーブ！ ","23:32:55"
"いよおーーーしっ！！！ ","23:32:55"
"あぶねーΣ（ﾟдﾟlll）","23:32:55"
"ポーランドシュートも川島選手飛び込みパンチングで何とかセーブ!!コーナーに。　","23:32:55"
"川島ー ","23:32:55"
"ｱﾌﾞﾈ━━━━Σ(ﾟдﾟ；)━━━━!!川島ナイスセーブ！！！ ","23:32:55"
"コワーーーーイ😱😱😱","23:32:55"
"ありがとう川島   ","23:32:55"
"川島△ ","23:32:55"
"川嶋あああああああああ！　","23:32:56"
"守護神川島","23:32:56"
"あぶねえええ ","23:32:56"
"川島さん、ついに本気出す ","23:32:56"
"川島！！！！","23:32:56"
"🇯🇵🍃風、吹いてあげて神様、ちょっとだけ","23:32:56"
"川島ビッグセーブ！  ","23:32:56"
"川島ありがとう！！！！！","23:32:56"
"川島ぁぁぁぁぁぁぁぁ！！真・川川島ぁぁぁぁぁぁぁぁぁぁぁぁぁぁぁぁぁぁぁぁぁぁぁぁぁぁぁぁぁぁぁぁぁぁぁぁぁぁぁぁ ","23:32:56"
"よーーーーしかわしまーーーー！！！","23:32:56"
"あぶねー！！！ギリギリ弾いた ","23:32:57"
"グレートセーブ！ ","23:32:57"
"今日の川島ええぞ ","23:32:57"
"川島ｗｗ　","23:32:57"
"川島、今のはギリギリ取れたからOK","23:32:57"
"かわしまああああああああ ","23:32:57"
"ゴールポスト神！川島も神！ ","23:32:57"
"かわしぃまぁ！！","23:32:57"
"ビッグセーブすぎワロタwwwwwwww ","23:32:57"
"あぶねええええええええええええええええええええええええええええええええええええええええええええええええええええええええええええええええええええええええええええええええええええええええええええええええええええええええええええええええ… https://t.co/ndCduqs7t5","23:32:57"
"長友は寄せに行けなかったな ","23:32:57"
"川島！！！ ","23:32:57"
"川島やるじゃん！ ","23:32:57"
"その為の右手 ","23:32:57"
"おおおあっ ","23:32:58"
"こーれは川島守護神発動！！ ","23:32:58"
"ナイスキーですよ ","23:32:58"
"何とコロンビアのハメス・ロドリゲスが早々に交代。","23:32:58"
"日本🇯🇵のバイタルエリア、スカスカだな。特に攻撃→守備になる瞬間はバランス崩れてるから、やられがち。日本のボール回しのテンポが遅い。ただでさえ遅いポーランド🇵🇱のDFがもっと遅く見える。(笑)解説の鈴木がGK川島に甘い。連呼… https://t.co/nktTla4om4","23:32:58"
"川島！！ ","23:32:58"
"今の怖かった！ふぅ ","23:32:58"
"弾いたっあっぶねーーー ","23:32:58"
"川島止めた！これはナイスプレー！ ","23:32:59"
"あっぶない… ","23:32:59"
"川島、これ帳消しかな･･･","23:32:59"
"川島、ナイスセーブ！","23:32:59"
"しんだかとおもった","23:32:59"
"川島が止めた！","23:32:59"
"川島！やられたとおもた！！ ","23:33:00"
"あぶね ","23:33:00"
"川島止めた～やれば出来るじゃん","23:33:00"
"川島ナイスセーブ！","23:33:00"
"「この暑さも…ﾊｯｷﾘさせて…」…「4ﾊﾞｯｸ…2ﾊﾞｯｸになってますよね…かなり攻撃的ですよね」…「ヘディングシュート…川島が、止めました…これまで2戦…搔き出しました」…!?(^^;","23:33:00"
"川島△ ","23:33:00"
"川島よくやった。 ","23:33:00"
"ゴール前 厳しい！ ","23:33:00"
"うわぁ～・・・怖かった＞＜ ","23:33:00"
"やばい焦った！！川島ー！！！！","23:33:01"
"川島やるやんwwwww ","23:33:01"
"【","23:33:01"
"あっぶな ","23:33:02"
"川島！！！よかった！！！","23:33:02"
"あぶねー","23:33:02"
"川島！","23:33:03"
"川島いいぞ！ ","23:33:03"
"止めたか！？止まってた！ ","23:33:03"
"あぶねぇぇぇー！川島ナイス！ ","23:33:03"
"また、エイジナイスセーブ！ ","23:33:03"
"川島が覚醒したーーーー！ ","23:33:03"
"川島！！！ ","23:33:03"
"川島のビッグセーブ！","23:33:03"
"学習した川島(´・ω・｀)","23:33:03"
"カワシマ！ ","23:33:03"
"ハメス交代❓😳","23:33:04"
"ゴールキーパーが日本人になった！！！！！ ","23:33:04"
"神島ｗ ","23:33:04"
"被カウンター。右クロスを中央ヘッドで左ポスト際へ行くも川島はじき出す。 ","23:33:04"
"前半30分、⚽️ボール支配率 日本43%、ポーランド57%川島ナイスセーブ👍","23:33:04"
"川島さんが掻き出したー！","23:33:04"
"仕事した！w","23:33:04"
"川島！！スーパーセーブまじやばかった😂😂😂","23:33:04"
"かわしまああああああああああああ ","23:33:04"
"川島る、始まる。 ","23:33:05"
"川島がやっといい働きしたww","23:33:05"
"川嶋〜*\(^o^)/* ","23:33:05"
"よしよし。いいけど、やばいぞ ","23:33:05"
"あぶねええええええええ","23:33:05"
"川島とめた！ ","23:33:05"
"うぉぉおおお神島さんや！！ ","23:33:05"
"ちょーギリギリやん、、あぶねぇー","23:33:05"
"ギリギリ・・・・耐えろ！ ","23:33:05"
"いいぞ、どや島 ","23:33:05"
"ないすぅ⤴︎","23:33:05"
"詰めるよりもボールの行方を見てくれてた。 ","23:33:06"
"川島さん！ ","23:33:06"
"川島ナイスセーブ！ ","23:33:07"
"よく止めた！","23:33:07"
"あああああぶねーよー　","23:33:07"
"あっぶな。。。川島さん帳消した！ ","23:33:07"
"川島ビッグセーブ！ ","23:33:07"
"ハメス、交代したぞ… ","23:33:08"
"川島ナイスセーブ👍✨","23:33:08"
"よく止めたー！！ ","23:33:08"
"あぶなっ！(((ʘ ʘ;)))","23:33:08"
"やればできるんやんけ川島ｗｗｗｗｗｗｗｗｗｗｗｗ ","23:33:08"
"かわしま とめましたー！ ","23:33:08"
"川島キターーーーーっ！残念、そこは川島！","23:33:08"
"川島いいぞー！！ ","23:33:09"
"川島今日はいいぞ！！！ ","23:33:09"
"川島ファインプレーよ。","23:33:09"
"いいよ！かわしまさん！入ってない！！ ","23:33:09"
"川島ナイス‼️_:(´ω`」 ∠):","23:33:09"
"川島(；ω；)！！！川島(；ω；)！！！！","23:33:09"
"今のはいいそ！川島！入ってない(((o(*ﾟ▽ﾟ*)o)))！ ","23:33:09"
"決められないでいると決められちゃうっていうパターンだけは避けたい。 ","23:33:09"
"これビデオ判定だろ！絶対するなよ！？ ","23:33:09"
"かわしまああああーーーーー あああ ","23:33:10"
"川島 ","23:33:10"
"これは守護神。 ","23:33:10"
"川島よう止めた！！がんばれ！","23:33:10"
"川島ナイスキーーーーーーー！","23:33:10"
"川島ナイスだな(手のひら返し) ","23:33:10"
"川島！ナイスセーブ！","23:33:10"
"川島ぁ！！(&gt;_&lt;) ","23:33:10"
"川島、ハンパないって！！","23:33:10"
"つかセカンドボールクリアしにいけよ　","23:33:10"
"川島😭✨✨ ","23:33:10"
"あぶねー","23:33:10"
"宇宙！！ ","23:33:11"
"エイジよくやった！！","23:33:11"
"川島こわいわー ","23:33:12"
"川島ビッグプレー！！ ","23:33:12"
"危ない！っていうか失点は時間の問題やろなぁ ","23:33:12"
"川島まだ貸しは残ってますよ","23:33:12"
"おけおけ。これが川島ですよ。よかった。ナイスセーブ川島！！","23:33:12"
"あぶねぇ・・・ ","23:33:13"
"いまの鳥肌たったぞ、よく触った","23:33:13"
"川島良いぞ今日は！","23:33:13"
"今のはよく触った・・・！","23:33:13"
"今のは良く止めた！ここはゴールキーパーとしての見せ場だ。　","23:33:13"
"【⚽2018ロシアW杯速報⚽】🇯🇵日本 vs ポーランド🇵🇱川島🇯🇵がビックセーブ！！！！速報はこちら⇒https://t.co/mcKKhNj9vn","23:33:13"
"ふぅ・・・ ","23:33:13"
"今度は大丈夫！","23:33:14"
"川島キレてる","23:33:14"
"ナイスセーブだけどあぶねー","23:33:14"
"川島→神島にジョブチェンジ","23:33:14"
"これは川島GJ ","23:33:14"
"川島ナイスセーブ！","23:33:14"
"今日の川島さんいいね👍 ","23:33:14"
"ラッキー｡ﾟ( ﾟஇωஇﾟ)ﾟ｡ ","23:33:15"
"川島ナイス！！","23:33:15"
"川島なんか心配やなぁ","23:33:15"
"ホント危なすぎる ","23:33:15"
"あーぶなっかしーーーなーー！！！ ","23:33:15"
"うおおおおおおおおおおおおお！川島ああああああ！","23:33:15"
"川島、偉かった！！！  ","23:33:15"
"おおおおナイス川島あああ！ ","23:33:15"
"川島すげえw","23:33:15"
"川島がやりよったw  ","23:33:15"
"完全に逝ったと思った…川島ナイスプレー！！！！","23:33:17"
"日本×ポーランド川島ボールをかき出した！！！ ビッグプレー！！！！ ","23:33:17"
"川島を褒めるのはまだ早い","23:33:17"
"川島信じてたで！（手のひらクルー ","23:33:17"
"今のは危なかった。川島よいよい ","23:33:17"
"1番川島ナイスセーブ","23:33:18"
"川島よく止めた！","23:33:18"
"ポーランドの流れになってきたな ","23:33:19"
"川島汚名返上のセーブだな  ","23:33:19"
"川島よかった‼️VARでも大丈夫👌 ","23:33:19"
"川島有難う！ ","23:33:19"
"よく止めた川島　","23:33:19"
"川島ーー！！！、！ ","23:33:19"
"川島さんすごい！！！😭😭😭やっぱり日本の守護神だ。。。😭","23:33:19"
"川島ナイスセーブ！ ","23:33:19"
"危なかった(^^;; ","23:33:20"
"危なかったねー ","23:33:20"
"今日は川島さんみせたねぇ。　","23:33:20"
"川島半端ないって。 ","23:33:20"
"手のひらねじ切れそう ","23:33:20"
"川島ナイスセーブ！ すっげ。 ","23:33:20"
"こんな時こそ。「川島半端ないって」よくやった！","23:33:21"
"今のは心臓に悪いわ　","23:33:21"
"コーナー流れ、ミドルはふかす。またまた助かった。","23:33:21"
"よく止めた！！！！こいうとこが、さすが経験だよね～！！！！","23:33:22"
"川島！ナイスセーブ！やれば出来るやん！","23:33:22"
"川島ーー！これが見たかった！！","23:33:23"
"川島覚醒キタああああああああああああああ‼️ ","23:33:23"
"健人くん💙2回目の更新ありがとう✨ 今宵のポーランド戦みんなで熱いパワーを送りましょう✌️頑張れ日本‼️","23:33:23"
"あっぶねーｗ ","23:33:23"
"守護神川島、ついに覚醒か🤔？","23:33:23"
"川島はやればできる子　","23:33:24"
"やっぱりセットプレーは怖い ","23:33:24"
"ディフェンスを外して空いたスペースで受けて、気の利いたパスやドリブルを混ぜてリズムの変化を生み出せる選手が欲しい。今日のスタメンだと。。。ちょっと厳しいか。山口、酒井高のポジショニングが攻守に中途半端 ","23:33:24"
"や川島守護神 ","23:33:25"
"川島ナイス👏ファインセーブ👏","23:33:25"
"川島！！！！！ ","23:33:25"
"こんなんでファインセーブとかやめてくれよ","23:33:25"
"かわしまああああああ ","23:33:26"
"ナイスセーブ、川島！ ","23:33:26"
"こえええｗｗｗ   ","23:33:27"
"川島ナイス。よしよし。 ","23:33:27"
"あっぶねｗｗｗｗｗｗｗｗｗｗ ","23:33:27"
"ゴールラインテクノロジーｷﾀ━━━(ﾟ∀ﾟ)━━━!!!! ","23:33:27"
"セカンドボールのシュートふかしてくれたの助かるわぁ ","23:33:28"
"高さだけが怖いな ","23:33:28"
"ラッキー、遠目から打ってくれて助かった。 ","23:33:28"
"セネガルさんがんがって下さい。","23:33:28"
"ナイスエイジ！！！！","23:33:28"
"怖い((((；ﾟДﾟ)))))))","23:33:28"
"バイタルが簡単に空いて崩されとる。なんとか修正してくれよ。 ","23:33:29"
"よく川島はじいたぞ！これが見たかったんだぞ！ ","23:33:29"
"川島ビッグセーーーブ！","23:33:29"
"まぁ、落ち着けよアナウンサーさん( ´▽｀) ","23:33:29"
"カワシマさん、今までごめんなさい。 ","23:33:29"
"あぶね！","23:33:30"
"かわしま！良かった‼️涙出るわ❗️ ","23:33:30"
"いやいや、今のｗ川島よくやった、だけどｗ","23:33:30"
"柴崎が動けていないのが気になる  ","23:33:30"
"川島永嗣はやっぱ最高のGKだぞ。","23:33:31"
"ギリ( ；´Д｀) ","23:33:31"
"やぱキーパーにひやひやするわぁ","23:33:31"
"今日は川島の中の人が違うみたいだな  ","23:33:31"
"川島あああ！ ナイスセーブ！ ","23:33:31"
"川島良くやったよ！おつかれ！ベンチ戻っておいで！ ","23:33:31"
"川島今日はボールキャッチカワシマしてる ","23:33:31"
"🇯🇵日本0-0ポーランド🇵🇱⚽【前半２８分】右ＣＫを柴崎が蹴るが、相手に頭でクリアされる。日本は高さで劣るだけに、セットプレーでは工夫が必要か⚽https://t.co/nDXIc7ymPL","23:33:31"
"危ない∑(￣ー￣;/！川島が死ぬ気で守っている(￣ー￣;/乙。","23:33:31"
"集中！集中！！　","23:33:31"
"🇯🇵永嗣、ヨシッ💪","23:33:31"
"めちゃくちゃギリギリだったｗｗｗｗｗ ","23:33:31"
"川島、また後ろに飛びつつも手が届いた！ファインプレーを褒められる！　","23:33:31"
"川島ちゃんと止めたねよかった ","23:33:31"
"川島、素晴らしいセーブ！　","23:33:32"
"GLTあっぶねｗｗｗｗｗｗｗｗｗｗ　 ","23:33:32"
"川島神  ","23:33:32"
"川島ナイス！！！","23:33:32"
"超ギリギリじゃんｗ ","23:33:32"
"マジで川島永嗣別人なんじゃないか？今回すごい日本代表してるぞ？","23:33:32"
"入ってるｗｗ ","23:33:32"
"川島ギリセーフ","23:33:33"
"ノーゴール ","23:33:33"
"これは劇場版川島 ","23:33:33"
"かわしまーーーーサンキューーー","23:33:33"
"川島が！止めた！ ","23:33:33"
"半分入ってる、、 ","23:33:33"
"あっぶねぇ！川島今日イチ出た！勝ったわ！","23:33:33"
"ひやーーーーー ","23:33:33"
"川島さんどうこうより、ディフェンスがずるずる下がりすぎだよ。","23:33:34"
"What a save by Kawashima. Capable of the best and worst. ","23:33:34"
"ギリギリだなｗ ","23:33:34"
"大至急、川島への謝罪を！！！ ","23:33:34"
"その前に宇佐美がクソすぎるわ ","23:33:35"
"今度は入ってないｗ　","23:33:35"
"川島ナイスセーブ！これでノッてくれるといいんだけど。 ","23:33:35"
"ギリギリ！ ","23:33:35"
"ポリシュカやめろ","23:33:35"
"川島やるやん♪ ","23:33:35"
"今日は川島にごめんなさいしないといけない日かな？ ","23:33:36"
"今日の川島はキテるな！","23:33:36"
"うっわあぶな、やられるかと ","23:33:36"
"ギリギリじゃねーかwww ","23:33:36"
"川島ナイスセーブ！相手は精神的ダメージを受けている。","23:33:36"
"【ニコ生視聴中】【サッカー ロシアW杯 日本×ポーランド】地上波では絶対流せない実況  ～ダバディ、元海外プロ選手、戦術マニアら 大放談～ https://t.co/PpZGbpmlb3 ","23:33:36"
"わー怖すぎた。よく止めた。","23:33:36"
"川島❗️やれば出来る子😆","23:33:36"
"ほらみんな、川島に掌返すなら今だよ！","23:33:36"
"ハメスにトラブルあったんだし、日本ダメっぽいし、セネガルさんお願いします！","23:33:36"
"VAR判定もOKか ","23:33:36"
"超こわい ","23:33:36"
"パンチング川島が神になった瞬間 ","23:33:36"
"けっこうギリギリだったな！！！ ","23:33:36"
"川島あああああ！！","23:33:37"
"必ず最後は香川が決めてくれる。 ","23:33:37"
"めっちゃギリギリやん ","23:33:37"
"あぶねーーー","23:33:37"
"GLTでもギリギリだｗ ","23:33:37"
"かわしま！！！ ","23:33:37"
"超ギリギリｗ ","23:33:37"
"川島選手よく止めた😭😭😭😭","23:33:37"
"このまま、両試合0-0なら、日本首位の公算","23:33:37"
"(前半33分) 🇯🇵 0-0 🇵🇱川島、素晴らしい。","23:33:37"
"川島GJ！","23:33:37"
"川島ないすぅー！！！久しぶりの神島を観たよ☺️🇯🇵","23:33:37"
"川島よく止めた！すごい！魂こもってましたね🇯🇵🇵🇱⚽️","23:33:38"
"川島ー！出てるからには頑張ってー！かき出したなぁ、、、 ","23:33:38"
"川島よくとめてくれたけど、なんか身体重そうじゃない？ ","23:33:38"
"フジテレビの解説は鈴木隆行か…","23:33:38"
"あぶねー ","23:33:38"
"GLT ノーゴール ","23:33:38"
"川島これはすごい ","23:33:38"
"こういうビッグセーブがあるから西野監督は川島を使ってるのだと思う。だって、ガヤさんそうだったじゃん！笑","23:33:38"
"ほんとギリギリだな ","23:33:38"
"なんであのボールでギリギリなんだよｗｗｗｗｗｗｗｗｗ ","23:33:39"
"鬼神・川島！ ","23:33:39"
"右クロスの選手にパス出した選手への後方からのスライディングしたの宇佐美？お咎め無しで済んだのかな？ ","23:33:39"
"ナイス川島！","23:33:39"
"寸止め！　寸止めだよ！！！！","23:33:40"
"ぎりぎり ","23:33:40"
"川島いいぞこれで調子に乗れる ","23:33:40"
"川島ナイスクリア！","23:33:40"
"ぎりぎりｗ","23:33:40"
"🏠到着ー川島ファインセーブ！ ","23:33:40"
"川島、汚名返上だな。 ","23:33:40"
"ギリ、ノーゴール！ ","23:33:40"
"ギリギリw ","23:33:40"
"ギリギリｗｗ 川島怖いよ ","23:33:40"
"めちゃくちゃギリギリじゃねーかww ","23:33:41"
"ギリギリだった！ ","23:33:41"
"川島さん、0に抑えたら謝ります。 ","23:33:41"
"川島テノヒラクルークルッな人達の観察をしたい ","23:33:41"
"川島汚名返上キープ ","23:33:41"
"宇佐美の守備がヤバすぎ。替えてくれー","23:33:41"
"あぶねー","23:33:41"
"宇佐美にもっとボールを当てたい ","23:33:41"
"ギリギリじゃねーか","23:33:41"
"川島覚醒 ","23:33:41"
"川島とめたーーーーーーーーーーーーーーーーーーーーーーーーーーー！！！！！","23:33:41"
"めっちゃギリギリ ","23:33:42"
"ギリギリ ","23:33:42"
"川島！やるぅ ","23:33:42"
"おおー。川島やるねぇ！こいつぁ一点物だったぞ。","23:33:42"
"ううー心臓に悪いドキドキするヽ(；▽；)ノ","23:33:42"
"今のはナイスキーパー！ ","23:33:42"
"良く止めたな今の。昨日fkファンブルした後のノイアーみたい ","23:33:42"
"苦しんできた川島w良かった(*´꒳`*) ","23:33:42"
"ぎりぎりセーフやないか川島 ","23:33:43"
"ヤッベェギリギリノーゴールじゃんｗ","23:33:43"
"なんか解説の山口素弘の声がたびたび衣笠祥雄っぽく聞こえるwww野球じゃなくてサッカーの解説のために、向こうの世界から戻ってきてくれたのかと😅 ","23:33:43"
"めちゃくちゃぎりぎりｗ　","23:33:43"
"あかんやんけｗｗｗ思ってるより瀕死キャッチｗｗｗ ","23:33:43"
"こええｗｗｗ　","23:33:43"
"ゴールラインテクノロジーこういう場合こわすぎるなｗ   ","23:33:43"
"川島それだって‼︎ ","23:33:44"
"コロンビア ハメスロドリゲス交代とか ","23:33:44"
"GLT公認！！ ","23:33:44"
"一瞬、入ったように見えた。今回はよくやった川島 ","23:33:44"
"まさにギリギリ！ ","23:33:44"
"止めたーーー‼️今回はだいじょぶ👏","23:33:44"
"掻き出したか、川島…。  ","23:33:44"
"ないっせー川島！！ ","23:33:44"
"川島VAR","23:33:44"
"もうちょっとでゴールやったんか！怖すぎｗｗｗｗ","23:33:45"
"川島ぁぁぁぁぁぁ！！！！！！それだぁぁぁぁｌ！！！！！！！！！  ","23:33:45"
"川島選手ナイス！！！めっちゃ良かった！！！ ","23:33:45"
"よく止めたわ　 ","23:33:45"
"この間の川島ではない。 ","23:33:45"
"ぐっはー、ぎりぎりやん！！！","23:33:45"
"めちゃくちゃギリwww ","23:33:45"
"あぶねええええｗｗよく止めた！か、川島信じてたぞ笑","23:33:46"
"でもレスポンスが遅いのが気になる","23:33:46"
"あ、GLTかかったか（でその結果ノーゴールだったけど） ","23:33:46"
"ヨッシャー川島！！ギリギリやった！！！！！","23:33:46"
"川島ーーー！ ","23:33:46"
"めっちゃギリギリw川島！ ","23:33:46"
"GK川島（ゴールキーパー）川島ナイスセーブ！！素晴らしいプレーだ！","23:33:47"
"攻→守の切り替えが怪しいな ","23:33:47"
"川島をあまり苦しめるような状況作るなよ","23:33:47"
"GLT:NO GOAL ","23:33:47"
"川島あああああ！ ","23:33:47"
"かわしま！　ヘディングを右手１本！　かきだした。　GLTもライン上！CKになるも、ポーランド弾道ミサイル　 ","23:33:47"
"あぁ川島で良かった！！！！！！(＞＜)ビックプレイ！！！ ","23:33:47"
"川島にはとりあえずゴールラインテクノロジー使おうと思ってないか？ ","23:33:47"
"一応GLT使うも、ラインは割っておらず。","23:33:48"
"川島ナイスキープ(o・∀・)o","23:33:48"
"川島ナイス！ギリギリ","23:33:48"
"川島、いままでのミスを取り返すようなビッグセーブだな(;´Д`) ","23:33:48"
"川島反応遅いだけ⁈  ","23:33:48"
"ゴールラインテクノロジー発動ʬʬʬʬʬ ","23:33:48"
"今日の川島ありえん頑張ってる。","23:33:48"
"川島！ ","23:33:48"
"よく掻き出した！ ","23:33:48"
"ああー怖かったー ","23:33:49"
"今日は川島が活躍する回ですな ","23:33:49"
"いやギリギリやん川島マジやるやん ","23:33:49"
