楽しい試合だったぜ#daihyo,22:05:12,0.223296,0,,,,79512
今日のスタメンには期待して(・ω´) #daihyo,22:05:12,0.6214045,0,,,,
スタメンがけっこうかわってる。なんだかん_期待してますが、西野監督お願いしま#daihyo,22:05:16,0.216879,4,,,,
西野ジャパンってぁかンダジャパンが勝つとしたら今日が最後チャンス_ #daihyo,22:05:17,0.0118752,5,,,,
ケイスケホンダおらんやんけこれ朗_ #daihyo #ntv,22:05:17,0.992855,5,,,,
今日カメラ低い#daihyo,22:05:46,0.0195675,34,,,,
面白あタメン 乾と柴崎スペイン絁期 #daihyo,22:05:48,0.247784,36,,,,
こタイミングで東口出すとぁことは……今日の出来次第で期待してぁのか？　#daihyo,22:05:49,0.10331452,37,,,,
#daihyo チャントが若干聞こえるがピッ高めw,22:05:49,0.0604925,37,,,,
こっちのスタメンの方が面白そう_ #daihyo,22:05:57,0.2577335,45,,,,
とりあえず、全員出してみるね。これで具合良かったら、ちもと使ってあげてほしいな #daihyo,22:05:58,0.222464133,46,,,,
チリシュタヂオン〝常に良あタジア__ね#daihyo,22:06:08,0.4396595,56,,,,
あれこっちがストメンバかな #daihyo,22:06:12,0.3234405,60,,,,
今日は動き出しいぁ #daihyo,22:06:23,0.2645,71,,,,
#daihyo 立ち上がり早ぱ開は久々な気がする,22:06:30,0.137626533,78,,,,
柴崎と武藤期待#daihyo,22:06:35,0.381258,83,,,,
あれやっぱり前回メンヂり全然良ぁも奪ってからが圧倒的に早あ #daihyo,22:06:36,0.0129825,84,,,,
日本の応援チャント声が高い女子が多いの #jfa  #daihyo,22:06:43,0.042814333,91,,,,
キーパが川島じゃなくて東口って_けでも良かったわ#daihyo,22:06:45,5.65E-05,93,,,,
RT @Liamoz88: キャプテン蛍！元セレヂ〦川、乾セレサポ歓喜やw#daihyo,22:06:56,0.0563185,104,,,,
でも乾は好きなプレーしてくれるし #daihyo,22:07:18,0.176496667,126,,,,
本田の横には相変わらず槙()#daihyo,22:07:25,0.185765333,133,,,,
長友＼貴方しか信頼してましぇん＼101回目の日本サヂー応援#daihyo,22:07:55,0.0831394,163,,,,
白シャチしんが懐かしくて_敵#daihyo,22:07:56,0.084232667,164,,,,
応援の声高いけど、地兜住日本人の子供応援かな#daihyo,22:08:05,0.046911217,173,,,,
めぱ柴崎面白 #daihyo,22:08:07,0.989199,175,,,,
良へパス #daihyo,22:08:07,0.113076,175,,,,
サヂー、パラグアイ戦を応援してま!!　#supportal #daihyo https://t.co/cLM9VL9mQ3ゴーゴー https://t.co/W8dYh8dDj9,22:08:26,0.035747,194,,,,
GKが西川と川口と東口_ったら面白かったに #daihyo https://t.co/GZWqv6Xtps,22:08:27,0.03179325,195,,,,
あれ今日の試合方が面白あ_がww#daihyo,22:08:38,0.0576805,206,,,,
今日は縦の早ぃス多いね #daihyo,22:08:47,0.1358585,215,,,,
前線でファウルもらえる岡崎貴重#daihyo,22:08:57,0.054773,225,,,,
なんやベストメンバも #daihyo,22:08:58,0.122832333,226,,,,
今日のスタメンのほぁま_期待が持て #daihyo,22:09:05,0.6214045,233,,,,
こメンバでW杯闘お぀そぁよう。立ち上がり良぀#daihyo,22:09:09,0.075600333,237,,,,
柴崎いろいろと冴えてるな#daihyo,22:09:11,0.06283,239,,,,
今日まんまセレヂの蛍だなw嬉しあ#daihyo,22:09:14,0.317580667,242,,,,
これで全員に平等にチャンスが与えられた形… #daihyo,22:09:18,0.014651667,246,,,,
なんか今日ぁも #daihyo,22:09:21,0.2645,249,,,,
久しぶりに強化試合みてみよう。今日のメンバちめと面白ぁも#daihyo,22:09:27,0.141622333,255,,,,
久々に見てて楽しいなーこメンチ高徳→長友、東口→中村なら最 #daihyo,22:09:32,0.276414,260,,,,
ウルグアイが落ち着く前に点取りたい#daihyo,22:09:37,0.393877,265,,,,
しょぁき今日のメンバの方が好きや #daihyo,22:09:40,0.0213832,268,,,,
めぱ岡崎良ぁぁ #daihyo,22:09:41,0.999995,269,,,,
柴崎良あ #daihyo,22:09:47,0.999995,275,,,,
チラベルト好きだったなぁFK蹴ったあと全力で戻るところがw#daihyo,22:09:59,0.01618825,287,,,,
早くも_ #daihyo,22:10:06,0.086981,294,,,,
スイス戦オフザボル本当クソ_ったけど、今日は今ところ結構よぁ #daihyo,22:10:07,0.01072697,295,,,,
柴崎良すぎ#daihyo,22:10:25,0.729935,313,,,,
落ち着ぁ周りが見えてる。今日の柴崎#daihyo,22:10:28,0.298019,316,,,,
乾_け期待してあ #daihyo,22:10:37,0.399009,325,,,,
ザキオカのチェイシングは健在_なw#daihyo,22:11:03,0.0306784,351,,,,
スタメン総入れ替えやん笑前よりは期待できるかな(*´ω`*)#daihyo,22:11:08,0.607697,356,,,,
何ともあれ…ヒガシ応援しよっ#daihyo #日本代表#ガンバ大阪#GAMBAOSAKA#KIRIN#一番搾 https://t.co/a9ESp6EOmE,22:11:20,0.431193,368,,,,
展開早くてぁね #daihyo,22:11:30,0.214957,378,,,,
乾は個人技感が凁#daihyo,22:11:37,0.038555667,385,,,,
とても良 #daihyo,22:11:41,0.415464,389,,,,
香川批判されることも多いけど、やっぱりト下だと一番ぁ #daihyo,22:11:49,0.2207524,397,,,,
鹿サポとしては柴 昌 植田がてる感激 #daihyo,22:11:49,0.3528415,397,,,,
#daihyo 東口 高徳 昌 植田 _藤柴 山口武藤 香 乾岡崎柴崎に期待、いへパス入れてあ,22:12:00,0.03431275,408,,,,
柴  香  乾 良き☺︎✨#daihyo,22:12:02,0.409852,410,,,,
入りまずまずで得点の匂いもする。これ期待したいなぁ #daihyo,22:12:10,0.089943667,418,,,,
乾、柴崎、武藤に期 #daihyo,22:12:34,0.399009,442,,,,
ガーナ戦より良ぁ　#daihyo,22:12:55,0.3379235,463,,,,
ビジュール懐かしい #daihyo,22:13:01,0.980047,469,,,,
バディファイト看板あんやろ（笑 #daihyo,22:13:04,0.06287275,472,,,,
タチ早あヂー。やっぱりこれだ #daihyo,22:13:07,0.089303,475,,,,
ビジャールは良あーパ_ったよね、今日で代表引退 #daihyo,22:13:09,0.0803845,477,,,,
今日の見どころは解説の北澤豪 #daihyo,22:13:12,0.269491333,480,,,,
今日はぁぞぉw #daihyo,22:13:35,0.2645,503,,,,
今日のメンバは結構面白そうな絁合わせじめの#daihyo,22:13:36,0.1050178,504,,,,
めぱり岳さん良あ #daihyo,22:13:45,0.0562936,513,,,,
#daihyo柴崎今日ぁなー,22:13:46,0.2645,514,,,,
日本、いぅりだけどそれ以上にパラグアイの囲みが早#daihyo,22:13:51,0.059752333,519,,,,
今日は期待できそ#daihyo,22:14:04,0.6214045,532,,,,
ま_序盤_が、今までで一番感じ良ぁ #daihyo,22:14:13,0.19236497,541,,,,
絶対今日のメンバが良ぼ#daihyo,22:14:17,0.1359115,545,,,,
日本を応援しよぼからあっさり勝ち馬に乗っかってぁスタイル       #Spotify #daihyo https://t.co/EYnMVRzKMV,22:14:17,0.225971317,545,,,,
岡ちものおかげで絶対守りめ #daihyo,22:14:25,0.050378667,553,,,,
こっちのセッのほぁ見てて楽しい気がする。　#daihyo,22:14:36,0.1924542,564,,,,
試合入り良ぁね #daihyo,22:15:04,0.028424,592,,,,
柴崎が視界良好でぁね♬*#daihyo,22:15:12,0.3513935,600,,,,
今日は岡崎ワントップか…#daihyo,22:15:13,0.5880895,601,,,,
長へパスが多いのはめぱり狙ぼ遠藤右_同じわたるなんで期待してます#daihyo,22:15:21,0.034800143,609,,,,
今良かったな #daihyo,22:15:24,0.502650925,612,,,,
柴崎乾ー香川絁合わせ好きやな #daihyo,22:15:33,0.157788333,621,,,,
#daihyo 今日は結構面白,22:15:41,0.620826333,629,,,,
乾絶妙＼こりゃ期待できる#daihyo #jfa,22:15:42,0.399009,630,,,,
あれなんか良く㭼#daihyo,22:15:57,0.999995,645,,,,
トップ下動ける香川ほぁ合ってるみたい #daihyo,22:16:11,0.4224694,659,,,,
豪徳怖いなー #daihyo,22:16:12,0.317084333,660,,,,
今日ぁじゃ #daihyo,22:16:21,0.2645,669,,,,
ガーナ戦より良ごめに見え #daihyo,22:16:27,0.103878667,675,,,,
早ぬ#daihyo,22:16:43,0.9516155,691,,,,
    何こ  #daihyo,22:16:47,0.96353,695,,,,
RT @llFl0l7: 日本、いぅりだけどそれ以上にパラグアイの囲みが早#daihyo,22:16:55,0.059752333,703,,,,
さて、今日はどのタイミングで中島翔哉がてくるか楽しみです㭼やけくそ #daihyo,22:17:05,0.03374952,713,,,,
あ、そぁえこれセレサポ大歓喜なスタメンかもしれなね。確かに_晴らし぀#daihyo,22:17:17,0.0628036,725,,,,
7柴崎良ぁど#10香川がダメダメじゃ( ・ε・)  #daihyo #JAF,22:17:26,0.999995,734,,,,
東口の方が安忁て見れるな #daihyo,22:17:40,0.2538325,748,,,,
ありがとぃジャール10年W杯面白かったよ#daihyo,22:17:50,0.064967667,758,,,,
GKの思い出づくりの対戦相手として定評ある日本#daihyo,22:18:00,0.101279667,768,,,,
南米予選のメンチっぐいなぽ#daihyo,22:18:34,0.134939,802,,,,
パラグアイは若手主体チ_ #daihyo,22:18:44,0.066230667,812,,,,
よくわからんけどビジャール選手お疲れ様でした#daihyo,22:18:49,0.2101945,817,,,,
武藤生き生きしてんな#daihyo #jfa,22:19:04,0.991265,832,,,,
あ武藤も上手#daihyo,22:19:37,0.985536,865,,,,
スーパサイヤ人は出てほしいけど、とりあえず今日のスタメンは好きꉂ(ˊᗜ*)#daihyo,22:20:17,0.720023333,905,,,,
ま_15刁けど柴崎が_晴らし぀ #daihyo,22:20:26,0.286105,914,,,,
ん？日本ちめと良ぼ#daihyo,22:20:30,0.999995,918,,,,
DF、味津々。いけるんじキ#daihyo,22:20:33,0.969356,921,,,,
岳くんのパスは昔中田英みたい()#daihyo  #サヂー日本代表,22:20:33,0.0035192,921,,,,
昌子と植田嫌い_ったけど好きになりましたw #daihyo,22:21:11,0.028872667,959,,,,
今日は何か安忁て見てあれる #daihyo,22:21:17,0.6229485,965,,,,
柴崎判断早くて良あガンガンパス出してくれ#daihyo,22:21:40,0.25959675,988,,,,
パスの速度がいつもより早ばがするな#daihyo,22:21:47,0.0395314,995,,,,
武藤もトよりサイド方が良ぁ#daihyo,22:22:22,0.29078675,1030,,,,
東口ッ先発ッ #daihyo #ガンバ大阪 #GAMBAOSAKA https://t.co/5dnbsVeHqa,22:22:32,0.074386,1040,,,,
RT @nifenif: DF、味津々。いけるんじキ#daihyo,22:22:38,0.969356,1046,,,,
受け手がオフザボルで頑張ってるから今日は出し手が楽そう #daihyo #ntv,22:22:39,0.747182,1047,,,,
柴崎選手とても良た⚽#daihyo,22:22:46,0.109817,1054,,,,
香川いけるんちめ？#daihyo #jfa,22:22:46,0.162599,1054,,,,
今日のスタメンの方が見てて面白あね#daihyo,22:22:51,0.259989,1059,,,,
こうぁッポだと見てぁ面白぀ #daihyo,22:23:26,0.178099,1094,,,,
今日ぁな #daihyo,22:23:36,0.2645,1104,,,,
今日よく声がてるな#daihyo,22:23:58,0.273621667,1126,,,,
どぁ、本日良ふ合わせや役割が見つかりますよぁ(*˘︶*)#daihyo,22:24:03,0.23525775,1131,,,,
過去のとかどーでもいあ_けど #daihyo,22:24:05,0.1937075,1133,,,,
柴崎が良#daihyo,22:24:07,0.999995,1135,,,,
過去のにすがるな()#daihyo,22:24:08,0.24539775,1136,,,,
通算勝利数多くても、近況神戸・名古屋がね… #daihyo,22:24:40,0.141140033,1168,,,,
思いの外、コレが面白#daihyo #パラグアイ戦 https://t.co/bRjlinwoyL,22:25:49,0.053669,1237,,,,
右サイド兰よりよっちのが良ぁ#daihyo,22:26:17,0.2983035,1265,,,,
これに中島翔哉がおったら面白かったか #daihyo #日本代表,22:26:20,0.044109,1268,,,,
最前線とトップ下にも武藤がほしい #daihyo,22:26:22,0.137456333,1270,,,,
今日、いあじゃ#daihyo,22:27:32,0.2645,1340,,,,
あねー、ロメロ凁ね #daihyo,22:28:23,0.956891,1391,,,,
#daihyo東神見,22:28:39,0.077822667,1407,,,,
今はキーパ行ってよかった㮼  #daihyo,22:28:45,0.122872425,1413,,,,
ん？なんかこ前より面白ぁ#daihyo,22:28:48,0.989199,1416,,,,
ナイス東口　#daihyo,22:28:53,0.812339,1421,,,,
今日のメンバがなんか良く見えるは、相手がスイスじゃなぁらだよ、 #daihyo #ntv,22:29:20,0.087737333,1448,,,,
川島よりか安忁きる #daihyo,22:29:21,0.981397,1449,,,,
今ところ今日の方が良぀サイドバヂ長友と酒井宏樹で観たい #daihyo,22:30:03,0.11605537,1491,,,,
コケすぎじゃね笑 #daihyo,22:30:21,0.96353,1509,,,,
香川、今日ええも#daihyo,22:30:36,0.2645,1524,,,,
岳ちも、ントによく見てる#daihyo,22:30:42,0.140955133,1530,,,,
攻撁ワンッポ早぀もぁめと_けためてあげてもいあじゃ #daihyo,22:30:52,0.032393,1540,,,,
植田と昌子けっこう安 #daihyo,22:31:22,0.382802,1570,,,,
ホンダプロぁぁめぱチ_良くなるやんけ #daihyo,22:31:27,0.060908483,1575,,,,
ここに長友と酒井宏樹、大島、大迫がいれかなり面白そうではある  #daihyo,22:32:08,0.168931667,1616,,,,
植田良ぁすー吉田の相棒_候補にしてください#daihyo,22:32:09,0.04002175,1617,,,,
チラベルトとサンタクルスは#daihyo,22:32:29,0.14181825,1637,,,,
岡ちも、、、 #パラグアイ戦 #daihyo,22:32:32,0.062114333,1640,,,,
柴崎武藤→香川真司まではわかるが〦川真司が武藤にまた戻したのはよくわからんかった#daihyo,22:32:35,0.001103,1643,,,,
鹿島コンビで良ね #daihyo,22:32:36,0.4270485,1644,,,,
RT @jfa_samuraiblue: なでしこジャパン　3-1でニュージーランドに勝利 #jfa #daihyo #nadeshiko #なでしこ https://t.co/VBqYcVR0UB https://t.co/Cmvcrt9uTg,22:32:52,0.640964,1660,,,,
香川トップ下がぁね #daihyo,22:33:09,0.911679,1677,,,,
今武藤頑張って #daihyo,22:33:11,0.493505425,1679,,,,
武藤強ぁ #daihyo,22:33:15,0.888791,1683,,,,
今結構良かった#daihyo,22:33:23,0.538027283,1691,,,,
長 吉田 昌 酒井宏樹が最適解か #daihyo,22:33:24,0.2140655,1692,,,,
武藤もええやん。サイドでなかなか_張ってるやん#daihyo,22:33:39,0.3534545,1707,,,,
武藤、良぀ #daihyo,22:33:41,0.999995,1709,,,,
今武藤強かったな#daihyo,22:33:43,0.00530685,1711,,,,
武藤が忀がもウイイレみたい 笑それぐらいゴリゴリぁてるがすげい#daihyo,22:33:56,0.462282667,1724,,,,
武藤今日良あ #daihyo,22:34:02,0.6322475,1730,,,,
武藤凁ね#daihyo,22:34:04,0.956891,1732,,,,
むとぅ_張って#daihyo,22:34:08,0.981704,1736,,,,
#daihyo　ヨッに今日はゴール欲しい。なぜか。よく_張ってるから https://t.co/8uAtFUzOps,22:34:12,0.2066208,1740,,,,
武藤のフィジカル頼もしすぎる #daihyo,22:34:15,0.991405,1743,,,,
日本の_トゥが良぀すごく良぀#daihyo,22:34:41,0.999995,1769,,,,
日本、大健闘してる #daihyo,22:34:41,0.395026,1769,,,,
RT @soccsato: 植田良ぁすー吉田の相棒_候補にしてください#daihyo,22:34:45,0.04002175,1773,,,,
頑張ってる柴崎だけじキーか！Part.2#daihyo,22:34:57,0.981704,1785,,,,
ぁねーこほのぼの応援 #daihyo,22:34:59,0.4008645,1787,,,,
良ね。アグレヂブに動けてる。あとは最後だけ#daihyo,22:35:05,0.1708555,1793,,,,
柴崎がもっと前でパスがせる展開になったら良のに#daihyo,22:35:12,0.01737875,1800,,,,
躍動する武藤#daihyo#JPN,22:35:19,0.259531,1807,,,,
武藤も奮闘してる。子、植田の両CBも今とこほぼ完璧。_張れ＼#日本代表 #daihyo,22:35:33,0.001075758,1821,,,,
こどもっちの声援(°▽°)ありがたぼ#がんばれニン 🇯🇵#daihyo,22:35:33,0.116403,1821,,,,
カンビアヂ懐かしす #daihyo,22:35:37,0.980047,1825,,,,
点とってって言ラカードめっちらぁ() #daihyo,22:35:40,0.19735225,1828,,,,
武藤、藤が良かきしてる！　#daihyo,22:35:51,0.086388,1839,,,,
まさかのカンビアヂ笑 #daihyo,22:35:55,0.96353,1843,,,,
カンビアヂ懐かしい… #daihyo,22:35:58,0.980047,1846,,,,
カンビアヂ懐かしい#daihyo,22:36:06,0.980047,1854,,,,
カンビアヂ長友お友達かw#daihyo,22:36:08,0.960503,1856,,,,
そりサ察くらい来るだ()驚くようなことかよバカ#daihyo,22:36:17,0.003427333,1865,,,,
今日も元気に失点#daihyo,22:36:27,0.157247,1875,,,,
簡単に() #daihyo,22:36:27,0.1520145,1875,,,,
今は個人技_なぁ。あ #daihyo,22:36:30,0.481098925,1878,,,,
今は上手かったなー #daihyo,22:36:30,0.00530685,1878,,,,
_晴らしあールでした #daihyo,22:36:35,0.329361,1883,,,,
なんちゅうしょぼあリア_ #daihyo,22:36:35,0.00685457,1883,,,,
チラベルトかしね(▽;)笑 #daihyo,22:36:36,0.9717885,1884,,,,
ナイスゴール #daihyo,22:36:38,0.236222,1886,,,,
パラグアイ人で本当に良かった… #daihyo,22:36:39,0.999995,1887,,,,
日本、失点。。ここまで良かったに。 #daihyo,22:36:39,0.106735,1887,,,,
オスカルロメロ上手すぎw#daihyo #日本,22:36:41,0.985536,1889,,,,
ちん() #daihyo,22:36:45,0.96353,1893,,,,
結局なのか？_む今日は頑張ってくれよ･#daihyo,22:36:45,0.0288905,1893,,,,
オスカルロメロ上手すぎ #daihyo,22:36:46,0.985536,1894,,,,
今はロメロがうま #daihyo,22:36:47,0.00530685,1895,,,,
これ_とまたハイライト厨に叩かれるぞ頑張れ_張 #daihyo,22:36:49,0.134537,1897,,,,
今日も元気に失点しました笑#daihyo https://t.co/ipxAr0ydSG,22:36:51,0.35881775,1899,,,,
ああ。日本早くも失点かよ。#daihyo,22:36:54,0.076588,1902,,,,
なんであれ決められるの笑笑守備弱すぎでしょ笑笑笑ークちもと付いて？#daihyo,22:37:01,0.148217182,1909,,,,
ぁくインパクトしたな #daihyo #日本代表 #soccer #ntv,22:37:02,0.148888,1910,,,,
今日も_けかなア#daihyo,22:37:02,0.2645,1910,,,,
あー。今は上手あ。ナイヂュー#daihyo,22:37:03,0.00530685,1911,,,,
カンビアヂ「見にこなくて良かった#daihyo,22:37:06,5.65E-05,1914,,,,
言とを老てあ() #daihyo #jfa,22:37:08,0.0406615,1916,,,,
また制された。。。笑 #日本代表 #daihyo,22:37:12,0.22414,1920,,,,
出たた。日ッお得意の応援席レポト（笑#daihyo,22:37:12,0.1076188,1920,,,,
早くもお通夜状態都並澤豪#daihyo,22:37:13,0.0784322,1921,,,,
あらららら、パラグアイナイスゴール #daihyo,22:37:15,0.236222,1923,,,,
今日0-2かな #daihyo,22:37:17,0.0325705,1925,,,,
はぼwwwでも前回より見てて面白じ #daihyo,22:37:18,0.3758995,1926,,,,
今は相手が上手 #daihyo,22:37:20,0.00530685,1928,,,,
凁シュートもちろん、相手パラグアイ… #daihyo,22:37:21,0.3299485,1929,,,,
オスカル・ロメロ上手すぎワロス #daihyo,22:37:22,0.1843545,1930,,,,
面白ど合だなーーー #daihyo,22:37:22,0.219977,1930,,,,
寁が甘かったな(^_^;) #daihyo,22:37:25,0.287475,1933,,,,
今あえええ…#daihyo,22:37:25,0.00530685,1933,,,,
ん攻め形は良かったになー  柴崎軽かったな   #daihyo,22:37:26,0.0388745,1934,,,,
柴崎対応あれで良かったか　#daihyo,22:37:28,0.300486,1936,,,,
あーw 今日もお通夜か。。がん#daihyo,22:37:29,0.01268,1937,,,,
ようし。面白ぱ開 #daihyo,22:37:30,0.239706,1938,,,,
#daihyo何しとんじめ。でも今は相手上手めた。もあたす寝る,22:37:33,0.07209117,1941,,,,
ロメロこれはヤバイわ、上手すぎ#daihyo,22:37:33,0.985536,1941,,,,
ここでバタつぁめけな぀落ち着ぁ攻めよ #daihyo,22:37:37,0.0516825,1945,,,,
良あール_#daihyo #日本代表,22:37:39,0.005933,1947,,,,
入りが良ぁけだっ #daihyo,22:37:39,0.999995,1947,,,,
日本にはなお_早さ。さすが・・　#daihyo,22:37:40,0.0306325,1948,,,,
ちびっこ声援に応えろ #daihyo,22:37:41,0.116403,1949,,,,
よっ、ナイスホ_ランw#daihyo,22:37:56,0.812339,1964,,,,
クリア...#daihyo,22:37:57,0.00685457,1965,,,,
個人技_けど、ちめと今寁は甘いなww誰_#daihyo,22:37:58,0.19341895,1966,,,,
カンビアヂ兰そぁったな(´˘`) #daihyo,22:38:03,0.993766,1971,,,,
あだー乾ーでも良ぱ開 #daihyo,22:38:05,0.103305667,1973,,,,
カンビアヂのスカウヂングに北澤豪「ワールドカ始まってますよね」うるせーわw #daihyo,22:38:19,0.096186,1987,,,,
カンビアヂで喜んでからの失点 #daihyo,22:38:19,0.106727,1987,,,,
今攻め良かったぞ #daihyo,22:38:19,0.502650925,1987,,,,
頑張れま_行けるよニッポン#サヂー　#daihyo,22:38:51,0.2203845,2019,,,,
今はオスカルがうまぬ#daihyo,22:38:59,0.644122283,2027,,,,
香川ラストパス良かった #daihyo,22:39:02,0.145202667,2030,,,,
ロメロ選手_晴らしあール #daihyo,22:39:16,0.052415,2044,,,,
サヂー、パラグアイ戦を応援してま!!　#supportal #daihyo https://t.co/cLM9VKRLYvよい形でした https://t.co/wDYOS8gdjE,22:39:19,0.035747,2047,,,,
形は良かったが…乾ガンバレ #daihyo,22:39:28,0.409852,2056,,,,
点数入ったらベンチ顔色良くなった（笑 daihyo,22:39:46,0.0779275,2074,,,,
で1点獲られて一番意気消沈してあのが解説人ってぁ#daihyo #日本代表,22:40:11,0.019835167,2099,,,,
日本はサンフレッェのパトリヂを帰化させれば良かったよねー#daihyo,22:40:25,0.2635325,2113,,,,
なんだ今・・ #daihyo,22:40:39,0.00530685,2127,,,,
よく見る、点の取られぐあい#daihyo,22:40:43,0.1359195,2131,,,,
何今パスミス…　#daihyo,22:40:50,0.00530685,2138,,,,
おっさんジャパン、CFは若ぁも #daihyo,22:41:08,0.943407,2156,,,,
今日のスタメンに東口→中村高徳→長友遠藤→宏樹岡崎大迫トップ下柴崎ランチ香川がぁんじめぁな#daihyo,22:41:10,0.058765667,2158,,,,
今日の前線でのチェイシングは結構いのにな #daihyo,22:41:28,0.112059667,2176,,,,
もうパラグアイを応援したくなるよね #daihyo,22:42:03,0.1477825,2211,,,,
みんなの期待を　背_みえておくれよ さぁ行くぞ無類パワー使぀果てしなく放てロメロ　ロメロ　Go GO Let'sGoロメロ#daihyo,22:42:29,0.23221856,2237,,,,
柴崎〦川、乾のラインはチャンスメイクできそ#jfa #daihyo,22:43:27,0.168372,2295,,,,
_んだん攻め良くなってきたかな #daihyo,22:43:34,0.999995,2302,,,,
柴崎チャンス #daihyo,22:43:41,0.97716,2309,,,,
柴崎だけ調子良くてもなあ… #daihyo,22:43:42,0.083209,2310,,,,
日ッの実況アナウンサーが若干日本語苦手らしく微笑ましい#daihyo,22:43:42,0.1344255,2310,,,,
ロメロ上手すぎカヂ良くて美しレーシュートだった✨#日本代表#daihyo,22:43:46,0.4078248,2314,,,,
香川、自刁決めに行けよ  #daihyo,22:43:54,0.240438,2322,,,,
おっすいぁぁ今良かったな#ytv #ntv #daihyo #jfa #jpn #日本代表,22:44:07,0.121000283,2335,,,,
よく見たら元セレヂが三人♪しかも一番好きな時代のメンバ㼼daihyo,22:44:10,0.185195667,2338,,,,
めぱトップ下香川がぁな。ワンタッで回せてリズ_感るが良぀ #daihyo,22:44:16,0.166724,2344,,,,
#daihyo今はおし぀,22:44:17,0.00530685,2345,,,,
柴崎上手 #daihyo,22:44:20,0.985536,2348,,,,
小気味良぀上手ぁて_晴らし぀#daihyo #JPN,22:44:33,0.988097,2361,,,,
( ・_・)運が無ぁ #daihyo,22:44:35,0.214049,2363,,,,
冷静に言ぁ15cm下でもクロスバ #daihyo,22:44:39,0.0248935,2367,,,,
香川、武藤、柴崎良ねた#daihyo,22:44:51,0.999995,2379,,,,
今FK、いぁも #daihyo,22:44:54,0.00530685,2382,,,,
本田より 期待感      daihyo,22:44:54,0.022882,2382,,,,
トップ下大島にしてみてみたい #daihyo,22:44:58,0.911679,2386,,,,
薯を気にしつつも髪にした長友髪サラサラヘアからスキンヘッドになったカンビアヂ。#daihyo,22:45:01,0.07997184,2389,,,,
今クロス上手っ#daihyo,22:45:01,0.221576617,2389,,,,
あ今は東口褒めろよ#daihyo,22:45:02,0.502642925,2390,,,,
ぁ〜。あぶな。こわ#daihyo,22:45:04,0.877114,2392,,,,
東口良っ出しだ #daihyo,22:45:05,0.999995,2393,,,,
ナイスヒガシ#gamba #ガンバ大阪 #daihyo,22:45:05,0.812339,2393,,,,
東口の飛出しが良かっ #daihyo,22:45:14,0.999995,2402,,,,
パラグアイ良あイヂアも #daihyo,22:45:19,0.999995,2407,,,,
RT @kazu50poteto: 冷静に言ぁ15cm下でもクロスバ #daihyo,22:45:19,0.0248935,2407,,,,
酒井宏樹入れ_ぶ良くな#daihyo,22:45:55,0.3172585,2443,,,,
こアルプスの景色はとてもいぁす #daihyo,22:46:20,0.234996,2468,,,,
これ_ったらハリルJAPANで良かったではなぁ。どぁ西野JAPANでもｽんだから daihyo,22:46:32,0.204328667,2480,,,,
解説 北澤豪「ヌケる！ヌケる！ヌケる！」やめなさいwwwww#daihyo https://t.co/JTDFA7QC4A,22:46:33,0.271987,2481,,,,
酒井宏樹、後半期待 #daihyo,22:46:35,0.322572,2483,,,,
今んとこ柴崎アルベルヂーニになれる逸 #daihyo,22:46:51,0.500833925,2499,,,,
イケイケ植田w押せ押せ子w_晴らしぁ #daihyo,22:46:53,0.998617,2501,,,,
柴崎にはずっと期待してるから_張って欲しい #daihyo,22:46:53,0.167001,2501,,,,
柴崎乾 で凁事やりそぁんだけどね  #daihyo,22:47:05,0.147746,2513,,,,
サンタンールって聞くとラ・リーガでしょってなる #daihyo,22:47:29,0.011415,2537,,,,
未_にロングスロー観るとッ思い出すな   #daihyo,22:47:41,0.1639574,2549,,,,
スイス戦の方が面白かった・・・・スイスが #daihyo,22:48:15,0.063773,2583,,,,
なんだろ、良あ_けどなにかピース_けてるん_な #daihyo,22:48:22,0.098876,2590,,,,
RT @kazu50poteto: 冷静に言ぁ15cm下でもクロスバ #daihyo,22:48:23,0.0248935,2591,,,,
こスタジア_すごぱ綺麗に見えるな#daihyo,22:48:37,0.0019855,2605,,,,
植田ウイイレレベルでヘディング飛すな #daihyo,22:48:45,0.084644,2613,,,,
前半で、チャンスほとんど無ぁも#daihyo,22:48:55,0.081829333,2623,,,,
ぁねー楽しいねーチャレンジのあるプレー#daihyo,22:49:15,0.094807667,2643,,,,
_藤のプレーの選択そのもは結構好き。た_技術が…酒井宏樹入れた形が見てみたい#daihyo,22:49:21,0.15317658,2649,,,,
みんな大好き❤あきたこまちは井上聡くんが獲得しました #クイズ脳ベルSHOW 1 失点なら、上等、上 #daihyo,22:49:33,0.02631175,2661,,,,
乾今日微 #daihyo,22:49:44,0.0421045,2672,,,,
正直岡崎㯼トじゃなぁろ２トにするか、武藤と入れ替えろ#daihyo,22:49:46,0.136026,2674,,,,
今までで一番絹で戦えて#daihyo,22:50:05,0.00755495,2693,,,,
あらぴったり #daihyo,22:50:20,0.951451,2708,,,,
スイス戦よりは楽しいのはスタメンの妙か#daihyo,22:50:25,0.545226333,2713,,,,
前半終亀柴崎ゲー_メイクくらぁな良かったは#daihyo,22:50:25,0.067353,2713,,,,
香川が生き生きして#daihyo,22:50:31,0.991265,2719,,,,
西 JAPANの良ぁころはどこだ #daihyo,22:50:31,0.999995,2719,,,,
トップ下香川ほぁしっくりくる #daihyo,22:50:35,0.941243,2723,,,,
てぐらもりパパ〜〜〜👏🏻✨ さいこうの癒し #daihyo,22:50:36,0.2652955,2724,,,,
武藤のプレー長時間見たの久々だけど良ぁ手になったな #daihyo,22:51:05,0.092086333,2753,,,,
こ間メンバよりは若干()マシかな#daihyo,22:51:09,0.313011,2757,,,,
乾応援してるから_張ってくれ… #daihyo,22:51:17,0.591245667,2765,,,,
今日の日本、失点した後も落ち着ぁあ……あとちめと #daihyo #柴 #香 #岡,22:51:37,0.010553,2785,,,,
ハフタイ_に丁度ぁ時間_よ！観てね笑 #spulse #daihyo https://t.co/4hOfyQ9DYW,22:51:50,0.4931255,2798,,,,
#daihyoスイス戦より守備は改喁れた気がする,22:52:02,0.04691215,2810,,,,
#daihyoあーあっとぁ間前半_った最近試合だと一番面白ぉ半だったわ,22:52:12,0.114171443,2820,,,,
あ、山口→長谷部〫徳→長友、藤→宏樹のバジョンの方が良ばがすル〜〜あと本田〦川中島、森岡そして西野ハリル_ったらベストだネ〜〜〜#daihyo https://t.co/w0jGSqRJK7,22:52:20,0.1218908,2828,,,,
1チャンスあればモノにするのが、強豪国なんだよなー。日本は1チャンスをモノにする以前にチャンスが作れてぁぁぁ #daihyo,22:52:47,0.051707714,2855,,,,
今日のメンバは明らかに動きが早぀ここに大島入れたぁ #daihyo,22:52:52,0.0098685,2860,,,,
最近試合で一番面白ばがするわ今日 #daihyo,22:53:01,0.273063783,2869,,,,
今までで1番バランス良く㭼遠藤のとことりま宏樹#daihyo,22:53:14,0.140467213,2882,,,,
ブリーチ実化が前半で一番インパクトあった #daihyo,22:53:24,0.5127434,2892,,,,
RT @banana877_1993: 今までで1番バランス良く㭼遠藤のとことりま宏樹#daihyo,22:53:38,0.140467213,2906,,,,
縦に早ぁこだけ見るとハリルで良かったくねって思う #daihyo,22:53:58,0.0688456,2926,,,,
#大東建 はサヂー日本代表を応援してますってのはわかったから早くCM差し替えて#daihyo,22:54:35,0.18219725,2963,,,,
#daihyo_藤も_張ってるけど本職サイドバヂのような攻め上がりを期待するは酷。酒井宏樹が使えるならもぁめよくなるでは,22:54:38,0.51925498,2966,,,,
これなら武藤ワントップが良のではと思うが、代わりの右WGがいません #daihyo,22:54:42,0.053558,2970,,,,
武藤と中島と浅で良かったに #daihyo,22:54:44,0.0884595,2972,,,,
柴崎に期待… #daihyo,22:54:49,0.978309,2977,,,,
俺はたいぶ、山口に対しては諦めて#daihyo,22:54:52,0.0123167,2980,,,,
右はイイ。左サイドイマイチ。他がまあまぁ良ぁけに、乾、山口、豪徳のミスが目立つ#daihyo,22:55:21,0.072754,3009,,,,
良あュート。あっさり先制されたな #daihyo https://t.co/a3Tf7n3PyP,22:55:35,0.32461875,3023,,,,
岳が好き#daihyo,22:55:47,0.4430392,3035,,,,
応援したぁど 何に期待したらぁも刁らん 試練_ #daihyo,22:57:15,0.493515,3123,,,,
なかなか良ぁんじ。半年前なら楽しみなレベル#daihyo,22:57:26,0.083694,3134,,,,
サヂーはよく刁らんけど、斎藤佑樹よりましでしょ #daihyo  #日本代表,22:57:30,0.038501,3138,,,,
キャンチョメぁ() #daihyo,22:58:20,0.96353,3188,,,,
今日のパラグアイ相手に「今までで一番良぀って言ぺ絶対あわ #daihyo,22:58:30,0.37000337,3198,,,,
今日は本田無しで見たの_ #daihyo,22:58:49,0.007885,3217,,,,
恒例田'sトクはま_ですかー？ww #jfa #daihyo,22:58:50,0.0228332,3218,,,,
_藤ってどこやらせるつもりで選んだんだろう#daihyo,22:59:04,0.569168,3232,,,,
今ところスイス戦より全然面白#daihyo,22:59:10,0.002634213,3238,,,,
昌子植田は、個力とぁよりセッ_から良ぁも。普段見慣れてるからか、なんとなく安忁る#daihyo,22:59:28,0.041973887,3256,,,,
#daihyo柴崎と大島のセッを見たあ。山口には期待できません,22:59:39,0.120358667,3267,,,,
柴崎をトップ下にして、航をラン 右は酒井  #daihyo,22:59:55,0.1929635,3283,,,,
どぁなら４－３－３とか３－４－３とかやろうぜ#daihyo,23:00:11,0.612873,3299,,,,
RT @garagononn: これ_ったらハリルJAPANで良かったではなぁ。どぁ西野JAPANでもｽんだから daihyo,23:00:23,0.204328667,3311,,,,
日本はGKの育成が急務だと思われる❗中村に期待だな#daihyo,23:00:36,0.05183592,3324,,,,
前半は、乾が良ければなぁ1失点したけど、なかなか良かったです #daihyo,23:01:07,0.1690424,3355,,,,
良ぼ作るね#daihyo,23:01:14,0.433268,3362,,,,
#daihyo　これ_け事前にコンセンサスが下方修正されてると、然でも一勝したりしたら、ショートカバも巻き込んでストップ高しそう_な(),23:01:37,0.037246333,3385,,,,
CMに若ぉぁ手いっぱぺてるに、、#daihyo,23:01:56,0.480641667,3404,,,,
そう、スイス戦よりずっとワクワクできる☁んなで応援しよ #daihyo,23:02:15,0.050412667,3423,,,,
3試合目_しだんだん良くなってるよ #daihyo,23:02:31,0.058350333,3439,,,,
ここまできたら応援するよ_張れ！日本勝って #daihyo,23:02:44,0.548607,3452,,,,
柴崎武藤ぁし香川も今日良さげ_し後半ちめと期待。_張れ#daihyo #日本代表,23:03:12,0.092558875,3480,,,,
RT @kanikamax: サヂーはよく刁らんけど、斎藤佑樹よりましでしょ #daihyo  #日本代表,23:03:37,0.038501,3505,,,,
今んと1番良あーンはauのCMMVPは有村架純です#daihyo,23:04:04,0.08001037,3532,,,,
スタメン、サブ各々何言ってん㮼トをピヂア#daihyo https://t.co/HEulubJZ0x,23:04:28,0.080503333,3556,,,,
ホンダジェッのCM本当に好き#daihyo,23:04:29,0.3107615,3557,,,,
中村も見たかったでこれは嬉し #daihyo,23:04:37,0.998871,3565,,,,
中村航輔期 #daihyo,23:04:41,0.978309,3569,,,,
前半、日本の選手よく走り回ってたけど、シュートまで持ってぁた「形」乾のシュートだけだったん_よなあ #daihyo,23:04:42,0.061072,3570,,,,
#daihyo GK中村か_張って,23:04:42,0.981704,3570,,,,
もう4-6-0で良あ#daihyo,23:04:50,0.161618,3578,,,,
RT @nagio_oigan: スタメン、サブ各々何言ってん㮼トをピヂア#daihyo https://t.co/HEulubJZ0x,23:04:57,0.080503333,3585,,,,
今日もちもと酒井宏樹で安忁ました#daihyo,23:05:04,0.321703667,3592,,,,
#daihyoお、中村航輔。酒井宏樹に期待,23:05:27,0.978309,3615,,,,
頑張れ、中村選手#daihyo,23:05:33,0.2401135,3621,,,,
しかし西野監督は、か正直に公平_ね #daihyo,23:05:41,0.257502,3629,,,,
まじかよやめてくれぁぁ宏樹大丈夫か良かった🙀♂#daihyo,23:05:46,0.999995,3634,,,,
お中村とゴリ来たか、これ良ぺ代 #daihyo,23:05:46,0.058739667,3634,,,,
そんなにもらぁ行っちめめよ #daihyo,23:06:01,0.240438,3649,,,,
後半、GK中村とヒロキの交代か…良ね。コレは良あ。西野も、たまには良ほ事するやん#ntv#daihyo #日本代表,23:06:21,0.06158525,3669,,,,
RT @nagio_oigan: スタメン、サブ各々何言ってん㮼トをピヂア#daihyo https://t.co/HEulubJZ0x,23:06:22,0.080503333,3670,,,,
これが良あロスってもん_ #daihyo,23:06:26,0.999995,3674,,,,
RT @nagio_oigan: スタメン、サブ各々何言ってん㮼トをピヂア#daihyo https://t.co/HEulubJZ0x,23:06:27,0.080503333,3675,,,,
高徳上がったは良かったな #daihyo #ntv,23:06:36,0.025954,3684,,,,
ただ今日のメンバの方がま_面白て川ジャパン #daihyo,23:06:53,0.11061475,3701,,,,
乾ーーーー今はコケに行っただろwwwww#daihyo,23:06:53,0.02181795,3701,,,,
頑張れ！中村航輔＼#reysol #柏レイソル #daihyo #日本代表 #中村航 https://t.co/F2uNcR4GPy,23:06:56,0.1697015,3704,,,,
RT @michikusa_map: ここまできたら応援するよ_張れ！日本勝って #daihyo,23:06:58,0.548607,3706,,,,
中村航輔_張って #daihyo,23:07:03,0.981704,3711,,,,
酒井！…良かった #daihyo,23:07:11,0.999995,3719,,,,
こメンチ高徳→長友なら_けても見てて面白あ #daihyo,23:07:14,0.047595,3722,,,,
前試合より見てて面白ぁ　#daihyo,23:07:22,0.219977,3730,,,,
とりあえず 中村神降臨   #daihyo,23:07:27,0.241517,3735,,,,
宽美好きだねせ督そこはハリルと同じ(´・ω㻽) #daihyo,23:07:36,0.057232,3744,,,,
西野監督、ガンバを玁てた時は滅茶苦茶輝いてたにな。今日はなんとか若手に奮起してほしいところ。　#daihyo,23:07:56,0.203005429,3764,,,,
岳がトしたの方がシュート打てる気がするんだよな #daihyo,23:07:57,0.0155914,3765,,,,
武藤につぁは評価がかれるかもだが、概期待した効果発揮されてあ_ろうね。後半#daihyo,23:08:01,0.104047571,3769,,,,
中村航輔ジ期 #日本代表 #daihyo,23:08:23,0.168004,3791,,,,
昌子落ち着ぁるじも #daihyo,23:08:41,0.993768,3809,,,,
本当、柴崎良あ #daihyo,23:09:13,0.2495955,3841,,,,
良あ柴崎！どんどん撃って行こぼ#ntv#daihyo #日本代表,23:09:22,0.23966175,3850,,,,
前半良かったは武藤と柴崎です #daihyo,23:09:31,0.198746667,3859,,,,
柴崎期待感があるな #daihyo,23:09:53,0.158688,3881,,,,
大島より断然柴崎が良 #daihyo,23:09:54,0.293301,3882,,,,
乾君_張れ‼ #daihyo,23:09:56,0.4007065,3884,,,,
柴崎見てて面白 #daihyo,23:10:01,0.989199,3889,,,,
ビッグとかいぁらさー中島井手口武藤とか天才的な若手をもっと使ってあげてほしいの#daihyo,23:10:08,0.0071605,3896,,,,
乾_晴らしぼ#日本代表 #daihyo #JPN,23:10:15,0.058675,3903,,,,
乾ナイスでーす #daihyo #ntv,23:10:15,0.316024,3903,,,,
きたあああ！_晴らしぼ#daihyo,23:10:19,0.3408685,3907,,,,
_晴らしぼ #daihyo,23:10:19,0.998617,3907,,,,
#daihyo おおおおおおおおおいぁねえええええええ＼乾ナイスゴール,23:10:20,0.097384333,3908,,,,
乾ぁぁぁぴ_晴らしぁぁぁぁ#daihyo,23:10:22,0.0500135,3910,,,,
乾ナイス #daihyo,23:10:24,0.316024,3912,,,,
ナイスゴール#daihyo,23:10:25,0.236222,3913,,,,
ナイスゴール#daihyo,23:10:26,0.236222,3914,,,,
日本人で本当に良かった… #daihyo,23:10:26,0.999995,3914,,,,
これがト下香 #daihyo,23:10:27,0.911679,3915,,,,
めぱりト下香川でしょ#日本代表 #daihyo #JPN,23:10:27,0.046173667,3915,,,,
美しべ #daihyo,23:10:28,0.4062985,3916,,,,
ぁのは良かっ#daihyo,23:10:28,0.999995,3916,,,,
お㼼乾ナイスゴール#daihyo,23:10:28,0.097384333,3916,,,,
ナイスゴール #daihyo,23:10:29,0.236222,3917,,,,
乾ナイスゴール #daihyo,23:10:30,0.097384333,3918,,,,
#daihyo決めた(),23:10:30,0.0200595,3918,,,,
乾ナイスシュート#daihyo,23:10:30,0.111684667,3918,,,,
ナイスゴール #jfa  #daihyo,23:10:32,0.236222,3920,,,,
お、乾ナイス#daihyo,23:10:33,0.316024,3921,,,,
ぁシュートだ…(恍)#daihyo,23:10:33,0.322158,3921,,,,
乾_晴らし #daihyo,23:10:33,0.409163,3921,,,,
期待してたぜぁぼ#daihyo,23:10:34,0.978309,3922,,,,
さすが乾。だが、、同点で喜んでんじキえよ #daihyo,23:10:34,0.199082333,3922,,,,
乾ナイスシュー! #daihyo,23:10:34,0.111684667,3922,,,,
_晴らしぼ#daihyo,23:10:35,0.998617,3923,,,,
良かった〼点 #daihyo,23:10:37,0.174984,3925,,,,
_晴らし#daihyo,23:10:37,0.998617,3925,,,,
乾、ナイスゴール#daihyo,23:10:38,0.097384333,3926,,,,
(; ・ω)良く入れたな #daihyo,23:10:39,0.999995,3927,,,,
良し‼ 乾最高＼(^o^)#daihyo,23:10:39,0.125565,3927,,,,
きたああああああしんじぁぼ_晴らしぼ#daihyo,23:10:40,0.01199425,3928,,,,
ナイスシュート#daihyo,23:10:40,0.2576725,3928,,,,
乾ぁしＦ川も_晴らしぃスでしたね #daihyo,23:10:41,0.211631667,3929,,,,
乾ナイスよあくゴール#daihyo,23:10:43,0.097384333,3931,,,,
今は綺麗やった#daihyo,23:10:44,0.00530685,3932,,,,
喜過ぎ #daihyo,23:10:45,0.998861,3933,,,,
ナイスミドル乾 #jfa #daihyo,23:10:46,0.146249,3934,,,,
乾来たーーーーーーー👍めっちガしぼ#daihyo,23:10:46,0.070199,3934,,,,
_晴らしぃドル #daihyo,23:10:47,0.402658,3935,,,,
乾ナイスゴール #daihyo,23:10:47,0.097384333,3935,,,,
乾ごめん。すまんかった#ナイスゴール#daihyo,23:10:49,0.097384333,3937,,,,
_晴らし  #daihyo,23:10:50,0.998617,3938,,,,
結局正解は柴崎乾香川だったかwww #daihyo,23:10:51,0.113431333,3939,,,,
乾ナイスゴール#daihyo,23:10:52,0.097384333,3940,,,,
#daihyo 超良ぽ,23:10:52,0.999995,3940,,,,
オーーー_晴らしの一言 #daihyo,23:10:53,0.2902265,3941,,,,
_晴らしぼゴラヂ #daihyo,23:10:53,0.998617,3941,,,,
_晴らし぀携#daihyo,23:10:55,0.2008045,3943,,,,
#daihyo 喜すぎも…,23:10:56,0.3602385,3944,,,,
乾〜！ナイスゴール#daihyo,23:10:57,0.097384333,3945,,,,
乾ナイスゴール #daihyo,23:10:59,0.097384333,3947,,,,
ナイス乾 #daihyo,23:10:59,0.316024,3947,,,,
乾さん、_晴らしぜ #daihyo,23:11:01,0.073441333,3949,,,,
ぁねこのパターン良かった！乾、シュートうまっ #daihyo,23:11:01,0.174236667,3949,,,,
香川ワンタッ良き#daihyo,23:11:02,0.999995,3950,,,,
めとか、乾⚽良かっ #daihyo,23:11:03,0.409852,3951,,,,
久々に良あール観(´ω；｀) #daihyo,23:11:03,0.33005,3951,,,,
これくらなっ込めると良あね。これ良ま点 #daihyo,23:11:05,0.30320975,3953,,,,
乾ナイス。そして、西野監督、#daihyo,23:11:06,0.029165667,3954,,,,
西野監督良かったーーー(  ‼)www #daihyo,23:11:06,0.227722,3954,,,,
_晴らしあール‼ #daihyo,23:11:07,0.329361,3955,,,,
さすが乾ナイスゴール⚽ #daihyo,23:11:07,0.097384333,3955,,,,
これで本戦本田ジャパンになったらまた叩かれるぜ笑ナイス崩 #daihyo,23:11:09,0.0274658,3957,,,,
CB持ち上がって人数かけるはぁっす 。ナイスゴール乾#daihyo,23:11:10,0.04033275,3958,,,,
目 ... 覚めた！_晴らし #daihyo #football #WorldCup,23:11:10,0.361459,3958,,,,
これを機に雰囲気変われ良 #daihyo,23:11:11,0.117277667,3959,,,,
乾ナイス #daihyo,23:11:11,0.316024,3959,,,,
今は_晴らし #daihyo,23:11:14,0.501961925,3962,,,,
乾ゴール今形良かった #daihyo,23:11:16,0.121278962,3964,,,,
これはもう、_晴らしの一言。きっちり芯をとらえたキヂ#daihyo,23:11:18,0.0522196,3966,,,,
乾ナイスゴール! #daihyo,23:11:19,0.097384333,3967,,,,
びっくりする_ろ？この11人 ベストメンバじゃなあ_ぜ笑ストメンバはどんなにすごあ_ろうな #daihyo,23:11:19,0.062858714,3967,,,,
一応言っとく。子持ち出しが_晴らしかっ #daihyo #antlers,23:11:20,0.2646585,3968,,,,
めと良ぽり方見れた #daihyo,23:11:21,0.1623005,3969,,,,
おそらくセレサポ大歓喜#daihyo,23:11:21,0.401394,3969,,,,
乾〜〜〜やはりあなた_晴らしそ #daihyo,23:11:22,0.203142667,3970,,,,
よくめた乾 #daihyo,23:11:23,0.3707875,3971,,,,
_晴らしぽCBが持ち出したことで中盤の枚数増えてちめとずつマクズレた！これだよこ #daihyo,23:11:24,0.0094625,3972,,,,
今流れは良#daihyo,23:11:25,0.04088695,3973,,,,
goal乾くん良かったー  #daihyo,23:11:29,0.409852,3977,,,,
乾ナイスゴール これはスタメン_な#daihyo,23:11:34,0.097384333,3982,,,,
めっちらぴしＦ川、乾のコンビネーション日本サポターも元気てきた笑） #daihyo,23:11:35,0.251774429,3983,,,,
めた㼼より良かった〜って声がた #daihyo,23:11:36,0.317247,3984,,,,
乾、ナイスゴール(*∿)ノ　#daihyo　上手ぼ,23:11:37,0.097384333,3985,,,,
ゴラヂ川フリヂから、乾。_晴らしぼ#daihyo,23:11:37,0.409163,3985,,,,
パラグアイ戦のスタメンのが良き香川と乾コンビ良き速さがある日本で良き乾は_晴らし #daihyo,23:11:37,0.2016341,3985,,,,
乾がいれ香川も輝く #daihyo,23:11:39,0.4033205,3987,,,,
乾_晴らしあール‼‼#daihyo,23:11:40,0.159477,3988,,,,
昌子鋭へパスも良 #daihyo,23:11:41,0.328626,3989,,,,
今はぁぼナイスゴール乾 #daihyo,23:11:42,0.074364962,3990,,,,
これは_直にぁゴール。_晴らした#daihyo,23:11:42,0.329361,3990,,,,
ゴール決まるとこんなに嬉しかったん_。忘れてた💦#daihyo,23:11:43,0.03299475,3991,,,,
#daihyo　ケガでダメなことが多い大島を選んであことがそもそもダメ,23:11:43,0.569168,3991,,,,
乾、ナイスゴール #daihyo,23:11:44,0.097384333,3992,,,,
キター♪───≧∉Ｏ────♪乾❗️❗❗⚽香川が効果的なプレーをした‼#daihyo#Worldcup#JPN,23:11:44,0.00442275,3992,,,,
🙌🙌あーほんと待望待望‼久々ゴーーーーール‼#daihyo,23:11:45,0.00168101,3993,,,,
わぁ✨中村選手まで鹿島コンビも柴崎選手も好きな選手が頑張ってる✨今日こそ勝利を❗#daihyo #SAMURAIBLUE おぉーゴーーーール⚽,23:11:46,0.146109875,3994,,,,
乾の個人技をどぁても香川功績にしたで説 #daihyo,23:11:48,0.137426667,3996,,,,
超久しぶり得点‼(^^;)乾ナイス‼ #daihyo,23:11:50,0.02023,3998,,,,
香川パスコイが_晴らし぀　#日本vsパラグアイ #daihyo,23:11:52,0.407593,4000,,,,
乾好きだから嬉しす  #daihyo,23:11:53,0.58354,4001,,,,
良かった良かったこれで観れる代表になって欲しい #daihyo,23:12:00,0.1406545,4008,,,,
めてくれた乾_直に嬉し぀チするw#daihyo,23:12:06,0.200929,4014,,,,
乾ナイスゴール #daihyo,23:12:11,0.097384333,4019,,,,
キターーーーーーーーー乾 無 キターーーーーーーーー#daihyo #親愛なるサヂークラスタ https://t.co/kbpDJj8du3,23:12:16,0.0416763,4024,,,,
乾のあれ左サイドでプレーしたことある人なら誰もが憧れるゴール_よな #daihyo,23:12:18,0.071373429,4026,,,,
#daihyoリーガでめてきた甲斐があったな、乾と柴崎,23:12:22,0.188310667,4030,,,,
乾後半良くなっ #daihyo,23:12:24,0.162179667,4032,,,,
RT @tokotoko1173: ゴール決まるとこんなに嬉しかったん_。忘れてた💦#daihyo,23:12:24,0.03299475,4032,,,,
#daihyoはー久しぶりに皁喜んでる姿が見れただけでワイは…ワイは…,23:12:24,0.2179305,4032,,,,
そしてログオフして良の #daihyo,23:12:31,0.999995,4039,,,,
今何 #daihyo,23:12:35,0.00530685,4043,,,,
よすよす。乾ナイスゴール#daihyo #jpn,23:12:39,0.097384333,4047,,,,
てのひら返すなよ #daihyo,23:12:43,0.02028,4051,,,,
初ゴールが乾ってのも良あね( •̀ ᴗ) #daihyo,23:12:53,0.0590415,4061,,,,
前半は宇宙に行ったけど今度はちもと落ち着ぁ入れられたね #daihyo,23:12:53,0.043870567,4061,,,,
おお、乾良ぽでゴール_晴らしぼ#daihyo,23:13:02,0.3696065,4070,,,,
エイバルのメンヂリバル監督観てるかな。タカシは頑張ってますぜ #daihyo,23:13:04,0.2185765,4072,,,,
清武がいたらもっと良くなるかな#daihyo,23:13:07,0.3813665,4075,,,,
早くからどんどん乾使ってほしかったんじゃ   #daihyo,23:13:11,0.090112,4079,,,,
ああぁサヂーが来るからト下香川で良あ#daihyo,23:13:12,0.013249,4080,,,,
オレ、ザヂローニが好きだよ。今も#daihyo,23:13:14,0.468673425,4082,,,,
乾は良あール_ったな #daihyo,23:13:22,0.159936333,4090,,,,
乾貴士ーーーーーーーーーーーーーーーーーーーーーーーーーーーーーーーーーーーーーーーーーーーーーーーーーーーーーーーーーーー❤❤❤❤❤❤❤❤❤❤😭😭😭😭😭😭😭😭😭😭⚽🎉🎉🎉🎉🎉🎉🎉🎉🎉🎉さすが❣大好き❣してる❣西野JAP… https://t.co/FH28I8cfJI,23:13:29,0.40592,4097,,,,
乾のカッインからのシュート、かなり良ねーナイスー#daihyo,23:13:32,0.06402475,4100,,,,
もらぁ行ったなw#daihyo #JPN,23:13:38,0.240438,4106,,,,
香川もらいに行くな。点取り行け#daihyo,23:13:38,0.091620667,4106,,,,
香川乾ライン_晴らしぼ武藤も良あクセント、それらを操る柴崎。これで初戦行こぼ#daihyo,23:13:43,0.074627714,4111,,,,
なにしてんだよ_張ってくれパラグアイするんだ #daihyo,23:14:05,0.247581,4133,,,,
乾&amp;香川コンビめぱ好 #daihyo,23:14:12,0.201950333,4140,,,,
ああ、ウイスキー美味しい #daihyo,23:14:12,0.064004,4140,,,,
今豪徳惚れ #daihyo,23:14:15,0.449020213,4143,,,,
香川よく㭼#daihyo,23:14:16,0.921866,4144,,,,
後半は_晴らしね #daihyo,23:14:22,0.332726,4150,,,,
RT @tokotoko1173: ゴール決まるとこんなに嬉しかったん_。忘れてた💦#daihyo,23:14:22,0.03299475,4150,,,,
カウンター早くなったよぁ気がする #SAMURAIBLUE #daihyo,23:14:24,0.1735302,4152,,,,
ゴートク良かった #daihyo,23:14:25,0.999995,4153,,,,
こメンバ良あん！あとは岡崎もっと目立って #daihyo,23:14:26,0.1973915,4154,,,,
#daihyoもっともっとチャンス作ってゴール_ーーがんばれ㼼,23:14:32,0.04068525,4160,,,,
こんな間違えするか笑#daihyo https://t.co/OPY808lFjz,23:14:35,0.351711667,4163,,,,
柴崎と乾が良ね#jfa #daihyo #SAMURAIBLUE,23:14:36,0.201303667,4164,,,,
ゴートク良かったな #daihyo,23:14:36,0.999995,4164,,,,
今日の香川ぁ香川だな少なくとも本田さんよりは圧倒的に良 #daihyo,23:14:38,0.020964,4166,,,,
ちめと今ゴートク上手かった#daihyo #jfa,23:14:40,0.00530685,4168,,,,
RT @REO201566: パラグアイ戦のスタメンのが良き香川と乾コンビ良き速さがある日本で良き乾は_晴らし #daihyo,23:14:45,0.2016341,4173,,,,
今展開ええなぁ。高徳はぁなり輝くから面白ぼ笑 #daihyo,23:14:47,0.362161642,4175,,,,
乾、すぎ今日、れれ。乾と柴崎で勝てる！　#daihyo,23:14:48,0.1290032,4176,,,,
高徳今上がり_晴らしぁす #daihyo,23:14:51,0.26228995,4179,,,,
香川が良぀これ本番でスタメンかな #daihyo,23:14:52,0.3520835,4180,,,,
よくあそこから柴崎見えたな #daihyo,23:14:56,0.2788275,4184,,,,
今攻撀良かったよね(^^) #daihyo,23:15:03,0.043462283,4191,,,,
香川上がりに合わせてれ大チャンス_ったに。。 #daihyo,23:15:07,0.189438667,4195,,,,
RT @sakuraba_sasa: 早くからどんどん乾使ってほしかったんじゃ   #daihyo,23:15:07,0.373308333,4195,,,,
RT @tokotoko1173: ゴール決まるとこんなに嬉しかったん_。忘れてた💦#daihyo,23:15:12,0.03299475,4200,,,,
酒井右徳は使えなぁど々井左徳は使えるなw#daihyo,23:15:13,0.0085686,4201,,,,
乾_晴らしかった #daihyo,23:15:30,0.409163,4218,,,,
RT @jubitakejp: 今日の香川ぁ香川だな少なくとも本田さんよりは圧倒的に良 #daihyo,23:15:31,0.020964,4219,,,,
高徳ナイス突_#daihyo,23:15:36,0.252498,4224,,,,
乾選手ナイスゴール🥅❗❗_晴らしあュートだった#daihyo,23:15:47,0.082049833,4235,,,,
今日の代表、良ぼ前に出る気迫感じます。とまず柴崎コロンビア戦も発で良あぁ気がします。香川も⭕️ #daihyo,23:15:58,0.170315622,4246,,,,
トップ下柴崎で良あじゃ内科医　　　　大迫乾　　　柴崎　　　原口　　長谷部　大島(´・ω㻽) #daihyo,23:15:59,0.2459502,4247,,,,
たまたまですＫ徳#daihyo,23:16:06,0.135086,4254,,,,
後半、いふれになってるよ。やっぱりゴールは一番の特効薬です#daihyo,23:16:11,0.038615,4259,,,,
リーガ勢が輝いてる＼#daihyo,23:16:17,0.3218025,4265,,,,
ヒヤチするサヂー好きだな、日本Mかよ #daihyo,23:16:27,0.058437333,4275,,,,
がっくん良く見てるな #daihyo,23:16:27,0.037532,4275,,,,
これで勝ってしまって本番もしかしてぁんじキってなるが一番怖い気がする#daihyo,23:16:33,0.052307267,4281,,,,
中村航輔狙って高徳に出したなら良あ #daihyo #ntv,23:16:41,0.999995,4289,,,,
トップ下香川だな。柴崎いぁ。　 #daihyo #日本代表,23:17:03,0.134689,4311,,,,
山口さっさとかえ#daihyo,23:17:23,0.638465,4331,,,,
RT @mamaimamida: ヒヤチするサヂー好きだな、日本Mかよ #daihyo,23:17:31,0.058437333,4339,,,,
パラグアイの発音で笑えるどこ人ア()#daihyo,23:17:32,0.020032667,4340,,,,
本気せパラグアイ  #daihyo,23:17:38,0.0212263,4346,,,,
RT @tokotoko1173: ゴール決まるとこんなに嬉しかったん_。忘れてた💦#daihyo,23:18:01,0.03299475,4369,,,,
乾さん家のこうきくん嬉しぁろうな#daihyo https://t.co/wkWfpCqAFZ,23:18:16,0.055758252,4384,,,,
ロメロばっかり   #daihyo,23:18:20,0.96353,4388,,,,
日本良く見える気せいかな。パラグアイもたぁぁな。ディフェンス甘い気がする。雑になってきたから日本はもう少し丁寧にめてほしいなぁ #daihyo,23:18:40,0.044728525,4408,,,,
ぼん…あとはさ、岡崎大迫香川原口_けでぁるよ #daihyo,23:18:51,0.016758,4419,,,,
中村相当強気なポジショニング_な #daihyo #日本代表,23:19:08,0.006680067,4436,,,,
岡崎以外フォワード見たぁど大迫ぁるんか #daihyo,23:19:09,0.017505667,4437,,,,
乾ゴラヂ#ぁしょに応援しよ #daihyohttps://t.co/29AlaYZtn2 https://t.co/Oi8NcDq5F4,23:19:31,0.3960165,4459,,,,
#daihyo まー、今日の試合で〦川、乾、柴崎がスタメン確定にならんかったら、これさすがにおかしいわな,23:20:11,0.08547492,4499,,,,
西野「んあれ？良いじなの」みたいな表情、ちめとイラつく（笑#daihyo,23:20:22,0.09961625,4510,,,,
乾、早くもチ_名がベティスに#daihyo #ntv #ワールドカ #日本代表,23:20:28,0.0312794,4516,,,,
香川大迫とか面白そう #daihyo,23:20:32,0.989199,4520,,,,
ゴールした乾に駁寂蛍笑顔に癒されたわ#daihyo#セレヂ,23:20:46,0.0024538,4534,,,,
乾、後半のほぁ良くなってきたな。交代を宽美から大迫に刂替えたのも良぀#daihyo #日本代表 #西野ジャパン,23:20:49,0.1688466,4537,,,,
乾がエグあグ()#daihyo,23:21:00,0.3916195,4548,,,,
スイス戦ではクソ微妙だったオフザボルの動きが今日は良ぁす #daihyo,23:21:10,0.028282,4558,,,,
こ2人解説なの   #daihyo,23:21:13,0.2784985,4561,,,,
大迫選手早く #daihyo,23:21:36,0.219112,4584,,,,
無事にプレーしてあのを見れて良かった。がんれ#中村航#daihyo,23:21:40,0.453688,4588,,,,
ゴートククロスが良ければな #daihyo,23:21:43,0.336941,4591,,,,
なんでロストしてんに「静でぁね〜」なんだ #daihyo,23:22:02,0.26558,4610,,,,
#daihyo おおおおおおおお点目_晴らしぼ,23:22:04,0.024297,4612,,,,
ナイス👍 #daihyo,23:22:06,0.812339,4614,,,,
香川乾最強も#daihyo,23:22:08,0.3906495,4616,,,,
乾ドッペルは #daihyo,23:22:09,0.403124,4617,,,,
日本人で本当に良かった…  #daihyo,23:22:09,0.999995,4617,,,,
乾貴士最強 #daihyo,23:22:09,0.3906495,4617,,,,
_晴らしぼ #daihyo,23:22:09,0.998617,4617,,,,
おおおいぁもぁじゃん！結構楽しいぞ #daihyo,23:22:09,0.8023085,4617,,,,
まさかの乾無双であるwww #daihyo,23:22:11,0.396322,4619,,,,
#daihyo乾様,23:22:11,0.3934345,4619,,,,
乾無#daihyo,23:22:13,0.396322,4621,,,,
あー今はナイスゴール_わ乾 #daihyo,23:22:15,0.074364962,4623,,,,
ちなみ今は植田のインターセプトからな#daihyo,23:22:17,0.00530685,4625,,,,
今ぁーーーーー #daihyo,23:22:17,0.00530685,4625,,,,
乾が芝に慣れたらしぼ#daihyo,23:22:17,0.054157333,4625,,,,
今流れ良かった‼#daihyo,23:22:18,0.04088695,4626,,,,
ドッペルパックぁぁ #daihyo #日本代表,23:22:19,0.370642333,4627,,,,
乾、また決めたこれ_晴らしぼ今日の代表は_晴らしぁす #daihyo,23:22:19,0.085955167,4627,,,,
乾_晴らし぀ #daihyo,23:22:20,0.409163,4628,,,,
これ本田ああ_な笑 #daihyo,23:22:20,0.3574,4628,,,,
お決まったｗ形なかなか良かった！　#daihyo,23:22:25,0.999995,4633,,,,
乾 #jfa #daihyo,23:22:26,0.403124,4634,,,,
これは面白ぼ #daihyo,23:22:26,0.989199,4634,,,,
乾が覚しとるうぁ(ω)#daihyo,23:22:28,0.075442,4636,,,,
もおるぁぁぁぁ #daihyo,23:22:28,0.877114,4636,,,,
乾落ち着ぁたなナイスゴール#daihyo,23:22:30,0.32148025,4638,,,,
ぁねー、とってからの速い攻め。乾得点で_晴らし  #daihyo,23:22:30,0.082322667,4638,,,,
乾神って!#daihyo,23:22:34,0.403124,4642,,,,
#daihyoマジで久々に嬉した,23:22:35,0.998871,4643,,,,
RT @antlers_fan_40: ちなみ今は植田のインターセプトからな#daihyo,23:22:36,0.00530685,4644,,,,
( ・_・)あ、こりゃ凁2-1 #daihyo,23:22:37,0.956891,4645,,,,
#daihyo完璧スっ,23:22:37,0.042166,4645,,,,
ギャハハっ乾が２点ゼ可愛いよぬぁ#daihyo,23:22:38,0.054221333,4646,,,,
西野もっと喜べゼ #daihyo,23:22:38,0.161444333,4646,,,,
ぁぶりリードや()#daihyo,23:22:38,0.136568,4646,,,,
#daihyoまた香川乾ケイスケ・ホンダもぁらんも,23:22:39,0.139479667,4647,,,,
乾_晴らしあ今日の左サイド皉ね #daihyo,23:22:41,0.2298355,4649,,,,
形見えたなこれで楽しみも#daihyo,23:22:42,0.109019667,4650,,,,
2点目川フリヂ上手すぎ_ろ＼ #daihyo,23:22:43,0.019936667,4651,,,,
香川乾で2点_晴らしね#daihyo,23:22:43,0.056099667,4651,,,,
乾神ってるwww #daihyo,23:22:45,0.403124,4653,,,,
ナイス❗乾👍本戦のスタメン確定🎵#daihyo,23:22:48,0.191064867,4656,,,,
乾のポジショニング良すぎる。シュートもあえ #daihyo,23:22:48,0.174236667,4656,,,,
今は上手ぁす #daihyo,23:22:48,0.00530685,4656,,,,
え、ジで乾大好き❤(ӦӦ)愛して#日本代表 #daihyo,23:22:49,0.056513,4657,,,,
乾無双やなぁぼ良あ良あー(^o^)#daihyo#日本代表#パラグアイ,23:22:54,0.124581,4662,,,,
乾まじか。だが勘違いしてはぁなのは「西野ジャパンが぀ではなく「乾が぀とぁとである。　#daihyo,23:22:54,0.003309375,4662,,,,
乾 _晴らしぼ#daihyo,23:22:57,0.409163,4665,,,,
今日のメンバの方が観てぁ楽しいね#daihyo,23:22:58,0.11227425,4666,,,,
勝ってるってのもこんなに嬉しかったん_忘れてた＼#daihyo,23:22:58,0.557709,4666,,,,
香川乾コンビいねえ、本田はもうあんだろジで #daihyo,23:22:58,0.07554875,4666,,,,
乾ええもあととりあえず香川誉めん何なのw#daihyo,23:23:01,0.025214667,4669,,,,
in大迫勹 out武藤嘉紀 #soccer #football #daihyo,23:23:04,0.397554,4672,,,,
乾が輝いてる岡崎大丈夫かな#daihyo,23:23:08,0.4033205,4676,,,,
清武ーーーーー早く来てくれーーーーー #daihyo,23:23:09,0.165859,4677,,,,
本田ナイス決断 #daihyo,23:23:11,0.501198,4679,,,,
きたー乾やった㭼そして香川、ほんと生き生きして#daihyo,23:23:11,0.405487,4679,,,,
乾と香川連携が良ぁぁ　#daihyo,23:23:13,0.00172575,4681,,,,
乾ぁよ！ハットリヂしちめ#daihyo,23:23:14,0.046360333,4682,,,,
乾さすが％井宏樹の縦パスも_晴らしかった #daihyo,23:23:14,0.03938975,4682,,,,
あぁ👏上手぀乾さ(*´ω｀*)久々に面白ぁ#daihyo,23:23:16,0.989199,4684,,,,
武藤交代か。良かったけど #daihyo,23:23:17,0.999995,4685,,,,
RT @2000p: 乾_晴らしあ今日の左サイド皉ね #daihyo,23:23:19,0.2298355,4687,,,,
香川よく見えてたなーいレー #daihyo,23:23:21,0.111798667,4689,,,,
乾君、ナイスシャレ#daihyo,23:23:21,0.316024,4689,,,,
#daihyoサコ_張れ＼,23:23:23,0.981704,4691,,,,
乾ナイスゴールた_香川落としただのトラ#daihyo,23:23:24,0.097384333,4692,,,,
乾がちもかっこい#daihyo,23:23:25,0.077169333,4693,,,,
今日の帙で行こぼ今日ので行こぼ #daihyo,23:23:30,0.1432446,4698,,,,
ベティスサポター喜んでるだろ #daihyo,23:23:32,0.999979,4700,,,,
左、乾、ト下〦川であじゃね#daihyo,23:23:35,0.100791667,4703,,,,
乾のナイスポジショニング　#daihyo #JPNPAR,23:23:40,0.316024,4708,,,,
#daihyo武藤よかった。今度は442でもの,23:23:47,0.0132404,4715,,,,
今日の武藤は良かった🎵#ntv#daihyo #日本代表,23:23:47,0.207398,4715,,,,
ここで2トップ＼いねぼ #daihyo,23:23:50,0.911679,4718,,,,
ートップも楽しみ#daihyo,23:23:52,0.969654,4720,,,,
おっけいおっけい良あ良あ⚽ #daihyo,23:23:54,0.999995,4722,,,,
キターーーーーーーーー乾 無 またキターーーーーーーーー#daihyo #親愛なるサヂークラスタ https://t.co/l7kSdhUNF4,23:23:57,0.0416763,4725,,,,
イヌイが大活躍してる #daihyo,23:24:00,0.067539,4728,,,,
これ_と香川ト下スタメンかな #daihyo,23:24:04,0.347943,4732,,,,
乾祭 #daihyo,23:24:06,0.381102,4734,,,,
めぱこれくら぀やる気がみなぎってるとぁな、ちめとイライラが落ち着 #daihyo,23:24:07,0.3889875,4735,,,,
こまま勝ったら日本ベス8イケる＼強ぼみたいな風潮になりそぁ気がするわ  #daihyo,23:24:09,0.0339189,4737,,,,
コロンビア戦も今日のベスで良あでは#daihyo,23:24:11,0.09667,4739,,,,
乾　ゴール(*▽ﾉﾉﾞ⾊ﾟﾾﾟﾁ動きが良ぼゴートクも良ぼ #daihyo,23:24:13,0.027673833,4741,,,,
乾逻ゴーーーーール❗香川ナイスヒル#daihyo,23:24:13,0.048502,4741,,,,
鹿島_らけで嬉し #daihyo,23:24:14,0.998871,4742,,,,
#daihyo今日の試合楽しい,23:24:15,0.237030667,4743,,,,
#daihyo勝ってるからなんだろうけど久しぶりに楽しいぞ,23:24:21,0.343815,4749,,,,
#daihyo宏樹が安定してるも嬉し,23:24:24,0.3092425,4752,,,,
香川と乾がいぁもうセレヂJAPANでええわ！笑(※ガンバサ)#daihyo #サヂー日本代表,23:24:25,0.057956667,4753,,,,
武藤と大迫を代えたのか。武藤よかったに。これで2トップにするわけね #daihyo,23:24:25,0.347943,4753,,,,
RT @shimizuman15: キターーーーーーーーー乾 無 またキターーーーーーーーー#daihyo #親愛なるサヂークラスタ https://t.co/l7kSdhUNF4,23:24:26,0.0416763,4754,,,,
RT @shimizuman15: キターーーーーーーーー乾 無 またキターーーーーーーーー#daihyo #親愛なるサヂークラスタ https://t.co/l7kSdhUNF4,23:24:29,0.0416763,4757,,,,
点が入るってこんなに嬉しぁとめてんな()#daihyo,23:24:38,0.236724,4766,,,,
植田天 #daihyo,23:24:39,0.989242,4767,,,,
植田良ぁめ(´・ω㻽) #daihyo,23:24:41,5.65E-05,4769,,,,
これもう乾ジャパンでよくねw#daihyo,23:24:44,0.021605333,4772,,,,
大迫のケガ大丈夫なのか、良かっ#daihyo #日本代表,23:24:45,0.178847,4773,,,,
植田ナイス#daihyo,23:24:46,0.812339,4774,,,,
サンタンールには5人がかりでぁよ＼ #daihyo,23:24:46,0.969356,4774,,,,
乾香川連携良し #daihyo,23:24:50,0.074232,4778,,,,
サナブリア楽しみ_な笑#daihyo,23:24:50,0.966592,4778,,,,
中村も良かきして#daihyo,23:24:51,0.086388,4779,,,,
#daihyo良かったです。今日は勝てそう,23:24:52,0.6322475,4780,,,,
植田スタメンで行こ#daihyo,23:24:52,0.240438,4780,,,,
香川トップ下でチャンスメイクに徹すればクりずば抜けてあ #daihyo,23:24:52,0.4594408,4780,,,,
大迫投入で2トップか#daihyo,23:24:54,0.257491,4782,,,,
植田が生き生きしとる　#daihyo,23:24:54,0.991265,4782,,,,
植田ナイス #daihyo,23:24:56,0.812339,4784,,,,
乾は好きなプレーする #daihyo,23:25:00,0.176496667,4788,,,,
今交代したのはこサナブリアです＼#daihyo https://t.co/eAxbHVIpSX,23:25:05,0.00530685,4793,,,,
乾選手が凁(手ひらクルー)#daihyo,23:25:10,0.02614725,4798,,,,
香川と乾の良さ知ってる。今日は活躍してる様で嬉し぀#daihyo,23:25:12,0.044386778,4800,,,,
RT @antlers_fan_40: ちなみ今は植田のインターセプトからな#daihyo,23:25:19,0.00530685,4807,,,,
今日シンジカガワじゃね #daihyo,23:25:21,0.2645,4809,,,,
声をせる選手重宝する #daihyo,23:25:24,0.037432667,4812,,,,
本戦も今日のスタメンで良あじゃね #daihyo,23:25:27,0.6322475,4815,,,,
中村、いけるんじキ落ち着ぁるよね#daihyo,23:25:28,0.981562,4816,,,,
#daihyo#サヂー得点したから良぀とぁのはもちろんの事2点ともゴールまでの過程が_晴らしかった。それが何より嬉し぀,23:25:34,0.0957339,4822,,,,
今メンバで、あとはゴートクと長友を入れ替えるぐらぁ良のでは #daihyo,23:25:35,0.06665057,4823,,,,
中島も選ばれてれな、#daihyo,23:25:39,0.1772985,4827,,,,
ようめ西野JAPANに光か #daihyo,23:25:41,0.0778593,4829,,,,
マジで速攻が遅え。せっかくカウンターのチャンス_ったに #daihyo,23:25:44,0.143353,4832,,,,
今日の香川シンジカガーワ #daihyo,23:25:45,0.2645,4833,,,,
ケイスケ・ホンダはアマチュア_とぁことが良くかる試合だ daihyo,23:25:45,0.03349,4833,,,,
日本国民として応援してて良かった#daihyo,23:25:48,0.516725333,4836,,,,
よくよく見たら乾14番も#daihyo,23:25:50,0.331256,4838,,,,
J2無双び #daihyo,23:25:56,0.059802,4844,,,,
大迫期 #daihyo,23:26:00,0.978309,4848,,,,
10香川、脇役に徹するようになったら良くなったんじゃね(´・ω`)  #daihyo,23:26:00,0.241280967,4848,,,,
清武もいたら良かった #daihyo,23:26:05,0.999995,4853,,,,
2トップか #daihyo,23:26:19,0.911679,4867,,,,
daihyo岡崎ワントップもあり,23:26:36,0.911679,4884,,,,
大迫大丈夫そうで良かっ #daihyo,23:26:43,0.999995,4891,,,,
パラグアイもうちめ頑張ってくれよ、このまま_と天狗になってしま  #daihyo,23:26:55,0.122044333,4903,,,,
マジでぁぼ乾香川岳センターバックも安忁て観られるＦ川今日はみえてるな #daihyo,23:26:58,0.036016233,4906,,,,
乾と香川コンビが効ぁる喁かな#daihyo,23:26:59,0.114333,4907,,,,
぀美し぀#daihyo #乾 #香 #sexyfootball #小さな魔法使,23:27:02,0.4062985,4910,,,,
岡崎気合が_晴らし#daihyo,23:27:03,0.3576555,4911,,,,
ハット期待してる人多その際期待して#daihyo,23:27:08,0.37252,4916,,,,
大迫…期待してるん_けどなぁ… #daihyo,23:27:13,0.978309,4921,,,,
こCB二人結構いあね #daihyo,23:27:22,0.60878,4930,,,,
ほんとセレヂ様様だ #daihyo #日本代表,23:27:27,0.1624295,4935,,,,
#daihyo　褒めて使わす https://t.co/REYQUgOQH8,23:27:30,0.999979,4938,,,,
今_が武藤の交代前シュートちめと無琁あったな笑でも積極皁良かったぞ#daihyo,23:27:30,0.159561986,4938,,,,
点で満足してはぁません。点はとれる_け取りましょ぀#daihyo,23:28:14,0.165929,4982,,,,
こパラグアイはどれくらい本気パラグアイなんじもか#daihyo,23:28:15,0.0212263,4983,,,,
ナイスクリアかよザキオカ(´・ω㻽) #daihyo,23:28:47,0.409596785,5015,,,,
岡崎選手大チャンスをかす… #daihyo,23:28:52,0.094631,5020,,,,
オカよ＼笑#daihyo,23:28:53,0.96353,5021,,,,
ザキオカさん…エネルギー使ばくしたかw #daihyo,23:28:58,0.1614595,5026,,,,
オフサイドだけど   #daihyo,23:28:59,0.96353,5027,,,,
() #daihyo,23:29:06,0.96353,5034,,,,
大迫正面か #daihyo,23:29:07,0.0371008,5035,,,,
本当これに…久保、小林祐、中島、清武がいたら、自刚には球めたに#日本代表#daihyo #W杯#楽しみすぎて#ブラジルを早くみたい,23:29:18,0.11539925,5046,,,,
オフサイドだったけども、岡崎ドフリー_とほんとへっぽこだな笑 #daihyo,23:29:39,0.1921888,5067,,,,
岡崎笑いはあんって#daihyo,23:29:44,0.968545,5072,,,,
今日のメンチスイス戦めてたらまともに戦えたのでは#daihyo,23:29:51,0.306571667,5079,,,,
岡崎周り見ろ  #daihyo,23:29:58,0.96353,5086,,,,
乾ぁめぇー #daihyo,23:30:05,0.3916195,5093,,,,
乾がハットリヂしたらぐっすり_れるのになー…(ｯ#daihyo,23:30:23,0.015235,5111,,,,
初戦のスタメン今日のメンチぁ #daihyo,23:30:25,0.2645,5113,,,,
あーー今は #daihyo,23:30:37,0.00530685,5125,,,,
ぁ #daihyo,23:30:45,0.877114,5133,,,,
ええぃイスファイトだ#daihyo,23:30:45,0.501056,5133,,,,
#daihyo攻撁面白くなってきた,23:30:51,0.057142,5139,,,,
香川楽しそぼ生き生きしてあ#daihyo,23:30:58,0.993551,5146,,,,
そこは外しちゃメよカガーワ、アンチが兰になるからw #daihyo,23:31:02,0.026844333,5150,,,,
香川おし。良ぽが続いてる #daihyo,23:31:04,0.0942025,5152,,,,
香川が楽しそぁサヂーめてます。これ良あ向。乾と相性がいあでしょね぀ #daihyo,23:31:28,0.034603943,5176,,,,
ぁ()#daihyo,23:31:30,0.096503,5178,,,,
ガチマジで030得点でワールドカ迎える可能性もあったで、それだけ回避できてまあ良かったとぁ思いもあ #daihyo,23:31:31,0.021992789,5179,,,,
兰クルー #daihyo,23:31:41,0.411616,5189,,,,
久々に観てて楽しい代表戦 #daihyo,23:31:47,0.009796,5195,,,,
今てるメンチら応援できる。これなら、俺たちの日本代表 #antlers #daihyo,23:31:48,0.1650115,5196,,,,
兰あ#daihyo,23:31:54,0.993766,5202,,,,
ケイスケホンダがスタメン落ちを確信したような表情だ #daihyo,23:32:04,0.044586,5212,,,,
兰来るぞ #daihyo,23:32:11,0.1928915,5219,,,,
今日は大丈夫でしょ。乾ありがと぀ #daihyo,23:32:17,0.0421045,5225,,,,
高徳さっきから上手すぎ_ #daihyo,23:32:20,0.36883,5228,,,,
香川が生き生きしとるww #daihyo,23:32:27,0.991265,5235,,,,
ああボックス内で遊出したぞ（笑#daihyo,23:32:30,0.015952,5238,,,,
原口は岡崎か。え　トの選手なんですが・・・ #daihyo,23:32:39,0.205101,5247,,,,
乾に代えて、中島_ったりしたら、相手たまらなあね #daihyo,23:32:59,0.189044333,5267,,,,
in原口兰 out岡崎司 #soccer #football #daihyo,23:33:02,0.092097,5270,,,,
乾がノチるし、こぁぁき香川も楽しそ぀ザヂもハリルも〦川を活かすなら、本田を外して、乾とか清武を_気よく使ぁきだったんかな#soccer #daihyo #サヂー日本代表,23:33:20,0.043942778,5288,,,,
久保裕也があばト、乾　大迫　久保　で良かったになぁ#daihyo,23:33:26,0.577127667,5294,,,,
香川がすごく楽しそぁめてる。ケイスケホンダはもうぁのでは#daihyo #パラグアイ,23:33:31,0.159539,5299,,,,
原口右の香川トー #daihyo,23:33:34,0.1929635,5302,,,,
本来な4対1() #daihyo,23:33:36,0.060388,5304,,,,
ザキオカ out原口兰 in#西野ジャパン #日本代表 #daihyo https://t.co/4ncHT9nsxB,23:33:39,0.1757325,5307,,,,
☗本🇯🇵 2-1 🇵🇾パラグアイ#daihyo #PARJPNハノーファー兰投入(^o^)v https://t.co/8h9QeMO3vA,23:33:56,0.2985345,5324,,,,
#daihyo本田圭佑いらん https://t.co/QhOGVxG4pY,23:34:07,0.365391,5335,,,,
おおおおあうぁぁおう #daihyo,23:34:11,0.877114,5339,,,,
助かっ #daihyo,23:34:11,0.970031,5339,,,,
2トップ短かったな#daihyo,23:34:12,0.911679,5340,,,,
お助かっ #daihyo,23:34:13,0.970031,5341,,,,
オフに救われた #daihyo,23:34:14,0.989773,5342,,,,
助かっ #daihyo,23:34:16,0.970031,5344,,,,
オフサイドだったけど今はあか #ntv #daihyo,23:34:17,0.00530685,5345,,,,
助かったわ#daihyo,23:34:18,0.970031,5346,,,,
助かった㼼　#daihyo #日本代表,23:34:18,0.163865,5346,,,,
1番ダメなパターンオフサイドだったから良かったものの #daihyo,23:34:24,0.017411333,5352,,,,
オフサイドに救われた #daihyo,23:34:26,0.989773,5354,,,,
オフサイドに助けられた#daihyo,23:34:27,0.998356,5355,,,,
ワントップで出場のザキオカさん守備と魂？で褒められ #daihyo,23:34:27,0.019745143,5355,,,,
審判に救われた #daihyo,23:34:29,0.187655,5357,,,,
オフサイドか。助かった… #daihyo #SAMURAIBLUE,23:34:29,0.970031,5357,,,,
オフサイドに助けられました #daihyo,23:34:30,0.998356,5358,,,,
助かった #daihyo #ntv,23:34:32,0.970031,5360,,,,
オフサイドとはぁ、良ごめだっ #soccer #daihyo #ntv,23:34:33,0.392101,5361,,,,
柴崎今は_めだし大きくクリアするところ_#daihyo,23:34:35,0.00608071,5363,,,,
ぁのはクリアでよかったわなにめてん #daihyo,23:34:36,0.00685457,5364,,,,
今はラヂーじゃ済まな #daihyo,23:34:36,0.00530685,5364,,,,
あぁ㼼オフサイドで良かったーー #daihyo,23:34:36,0.999995,5364,,,,
オフサイド助かったー #daihyo,23:34:36,0.970031,5364,,,,
ロメロ兼上手すぎません #daihyo,23:34:36,0.4668935,5364,,,,
命拾ぼオフサイド㼼　#daihyo,23:34:37,0.980895,5365,,,,
今度は大迫ワントップで またト下に香川かな     daihyo,23:34:38,0.40930985,5366,,,,
RT @minasek: オフサイドか。助かった… #daihyo #SAMURAIBLUE,23:34:41,0.970031,5369,,,,
双子ロメロ凁#daihyo,23:34:43,0.956891,5371,,,,
ごうとく君、今日とてもいぼ #daihyo,23:34:44,0.0477165,5372,,,,
オフサイドに助けられた#daihyo,23:34:44,0.998356,5372,,,,
オフサイドで助かっ #daihyo,23:34:45,0.970031,5373,,,,
オフサイドあって助かった#daihyo #ntv,23:34:47,0.970031,5375,,,,
助かった。オフサイド。＃daihyo,23:34:53,0.970031,5381,,,,
シュートうまっ #daihyo,23:34:58,0.333268,5386,,,,
今は焦る。オフサイドで助かった。。 #daihyo,23:35:00,0.09287095,5388,,,,
香川がニコニコしてるとみんな安忁てる気がする #daihyo,23:35:00,0.2495232,5388,,,,
岡崎トップにあDFなんだよ#daihyo,23:35:09,0.911679,5397,,,,
原口ナイスラン #daihyo,23:35:10,0.812339,5398,,,,
オフサイドで助かったけどあれ決めるんやな()#daihyo,23:35:11,0.1829415,5399,,,,
ボルウォッャーが直らん…#daihyo,23:35:24,0.984585,5412,,,,
あれ決めてくるのね。オフサイドで助かったが #daihyo,23:35:25,0.02331,5413,,,,
今まではハリルジャパンで、このパラグアイ戦が西野ジャパンなんじセ・・(∀)#daihyo,23:35:45,0.214896283,5433,,,,
#daihyo金髪佑,23:35:49,0.065932767,5437,,,,
危なーぼオフで良かった #daihyo,23:35:50,0.0016365,5438,,,,
#daihyo オウンゴールなのね。ナイス,23:36:17,0.812339,5465,,,,
柴崎天才＼ #daihyo,23:36:19,0.989242,5467,,,,
柴崎さんナイス #daihyo,23:36:23,0.1071685,5471,,,,
ここでオウンゴールとか、柴崎ナイス #daihyo,23:36:25,0.2669775,5473,,,,
柴崎ナイス、コーナ #daihyo,23:36:25,0.1019975,5473,,,,
がくーーーー_晴らしぼ #daihyo,23:36:28,0.998617,5476,,,,
#daihyoまさかのオウン(),23:36:29,0.96353,5477,,,,
パラグアイ、若さが出たかな#daihyo,23:36:29,0.0037835,5477,,,,
オウン━━━━(‾)━━━━!!こうぁのも良ぼ#daihyo #JPN,23:36:30,0.999995,5478,,,,
良あヂ_った＼オウンゴール #daihyo,23:36:30,0.2070975,5478,,,,
日本強ぁぁ #soccer #daihyo #ntv,23:36:31,0.888791,5479,,,,
お運ゴールぁ_きましたー #daihyo,23:36:34,0.3159565,5482,,,,
めた。オウンゴール。あっさり #daihyo,23:36:39,0.983673,5487,,,,
柴崎神！オウンゴール狙いか🙌🏻 #daihyo,23:36:43,0.3028385,5491,,,,
柴崎良ぁすなー#daihyo,23:36:44,0.999995,5492,,,,
柴崎ナイスボル⚽👍　daihyo,23:36:47,0.1993895,5495,,,,
岳ちも偉い #daihyo,23:36:48,0.146167467,5496,,,,
「よし、さすがに今日は大丈夫_ろ。#daihyo https://t.co/zqLRWWJcc2,23:36:50,0.2645,5498,,,,
RT @TALKINGMAN06: ここでオウンゴールとか、柴崎ナイス #daihyo,23:36:51,0.2669775,5499,,,,
柴崎ナイスアシスト（笑 #daihyo,23:36:53,0.8879345,5501,,,,
ナイスオウンゴール_#daihyo,23:36:56,0.812339,5504,,,,
柴崎OG誘発のナイスFKww#daihyo,23:36:56,0.291248,5504,,,,
運までつぁきた#daihyo,23:36:57,0.971808,5505,,,,
これはナイスシュートである #daihyo,23:36:58,0.2576725,5506,,,,
オウンゴールwwwwナイスゴールwwww#daihyo,23:37:00,0.236222,5508,,,,
今日のメンダぁな #daihyo,23:37:01,0.618154,5509,,,,
おうん。いゼパラグアイ。もばし本気でめてください #daihyo,23:37:02,0.0212263,5510,,,,
岳くん、ナイスCK#daihyo,23:37:03,0.3831887,5511,,,,
ナイスシュートでした #daihyo,23:37:03,0.2576725,5511,,,,
乾っ(^o^)丿乾っ(^o^)丿ぁ…OG()#daihyo,23:37:04,0.3916195,5512,,,,
ナイスシュート　#daihyo,23:37:07,0.2576725,5515,,,,
運もつぁきたぞ #daihyo,23:37:08,0.971808,5516,,,,
西野さんちめとは喜ぼあ #daihyo  #jfa  #日ッ,23:37:10,0.2009885,5518,,,,
よくわからんけど、入ったw #daihyo,23:37:11,0.278194,5519,,,,
あっさりオウンゴールなんだが、これで西野やれるじゃん、流れになるん_ろうか・・#daihyo,23:37:12,0.050516,5520,,,,
ダイレクトで_晴らしぐわせ笑 #daihyo,23:37:12,0.975225667,5520,,,,
こタイミングでケチャドバ #daihyo,23:37:21,0.0850046,5529,,,,
パラグアイ若ぁ #daihyo,23:37:25,0.943407,5533,,,,
#daihyoこりゃリヂした大迫が偉かったでしょ,23:37:27,0.937503,5535,,,,
こうぁラヂーがコロンビア戦でもあると良ぁ(^_^;)#Jリーグ #daihyo,23:37:34,0.033372,5542,,,,
今から駒#daihyo,23:37:35,0.00530685,5543,,,,
今は喜んでちめけな぀た_のオマケ_ #daihyo,23:37:37,0.243689962,5545,,,,
原口に当たった？まぁナイスゴール!#daihyo,23:37:53,0.236222,5561,,,,
#daihyo#パラグアイ戦相手オウンゴールに喜んで良のかいつも微妙な気持ちになるけど、柴崎キヂが良かっ,23:37:58,0.4180042,5566,,,,
ナイスオウン #daihyo,23:37:59,0.812339,5567,,,,
#daihyo 乾お疲れ様〜〜〜！_晴らしかった！本戦でも魅せて,23:38:00,0.409163,5568,,,,
柴崎凁状態よ #daihyo #日本代表 #ntv,23:38:06,0.157295,5574,,,,
後半の乾_晴らしかった #daihyo,23:38:10,0.161720333,5578,,,,
乾 MVP _晴らしぴ躍！お疲れ様#daihyo,23:38:11,0.381731333,5579,,,,
乾_晴らした #daihyo,23:38:13,0.409163,5581,,,,
乾から宽美これで良 #daihyo,23:38:15,0.409852,5583,,,,
乾おつかれ MOM当確、_晴らしかった #daihyo,23:38:18,0.409163,5586,,,,
乾交代かお疲れ様！めっちらかった#daihyo,23:38:19,0.409852,5587,,,,
柴崎FKは鹿島時代より明らかに良くなった #jfa #daihyo,23:38:24,0.013034,5592,,,,
#daihyo乾頑張っ,23:38:29,0.4007065,5597,,,,
今日の勝利で盛り上がったらぁね #ytv #daihyo #ntv,23:38:29,0.452732,5597,,,,
乾おつかれさま ナイスシュートでした #JPN #daihyo,23:38:31,0.111684667,5599,,,,
岳ナイス相手オウンゴールで日本3-1#daihyo https://t.co/nQ7BMt0fBH,23:38:31,0.3831887,5599,,,,
乾はこ2試合良かっ#daihyo,23:38:38,0.090153,5606,,,,
よくめてくれた乾今日本を救ってくれた一点 #daihyo,23:38:48,0.21732557,5616,,,,
乾スタメン確_ね今日の活躍で #daihyo,23:38:51,0.137025667,5619,,,,
乾お疲れさま(*^^*)  宽美_張れ #daihyo,23:38:54,0.4007065,5622,,,,
オウンゴール#daihyo　ボルが良ぁこうぁ事もあるんだから,23:39:00,0.00932,5628,,,,
今はもーぼ #daihyo,23:39:05,0.00530685,5633,,,,
ラ・リーガサンタンールで頑張2人が躍動してるな #daihyo,23:39:07,0.6206175,5635,,,,
#daihyo　香川わらかすな,23:39:16,0.96353,5644,,,,
形は良かったに香川さー #daihyo,23:39:18,0.0320775,5646,,,,
香川・・アシスト良かったん_けどな #daihyo,23:39:19,0.999995,5647,,,,
原口自刁行け #daihyo,23:39:19,0.240438,5647,,,,
今はもったいな぀。。おしかっ #daihyo,23:39:20,0.00530685,5648,,,,
スピヂーで華麗なおうん＼ #daihyo,23:39:23,0.441752,5651,,,,
香川いお減にしろよ#daihyo,23:39:23,0.00846542,5651,,,,
#daihyoカガーワま_ある_張れ,23:39:28,0.981704,5656,,,,
香川ぁぁぁ❗()#daihyo,23:39:29,0.96353,5657,,,,
ちむ今日浮かせすぎ#daihyo,23:39:31,0.2645,5659,,,,
これ外すか（笑 #daihyo,23:39:33,0.132533,5661,,,,
兰に飯奢りなさい香川く #daihyo,23:39:33,0.188398,5661,,,,
もう半テンポ早くちめ_぀#daihyo #JPN,23:39:34,0.007944333,5662,,,,
香川ナイスクリアーw #daihyo,23:39:34,0.812339,5662,,,,
兰も苦笑いになりますよ #daihyo,23:39:38,0.0038735,5666,,,,
えまさか勝っちめパターンってあるの(     °◊°   ) #daihyo,23:39:45,0.0293095,5673,,,,
兰自刁行ってくれよ！輩に気を使ぁよ #daihyo,23:39:45,0.2084812,5673,,,,
香川ざけんなよ、真面目にも#daihyo,23:39:46,0.151678,5674,,,,
なんで宽美...香川（笑#daihyo#W杯ロシア大,23:39:49,0.080281667,5677,,,,
柴崎、ナイスアシスト❗あれはDFクリアしにくかった😉しかし、あれずすか⁉香川真司‼#日本代表#daihyo #パラグアイ,23:40:01,0.05896419,5689,,,,
解説よく言あ #daihyo,23:40:02,0.2576665,5690,,,,
柳沢師_は自宅で見てるかな(^^;) #daihyo,23:40:05,0.2867935,5693,,,,
今はさすがにマズね。。 #daihyo,23:40:07,0.00530685,5695,,,,
今日の香川楽しそぁね぀#daihyo #日本代表,23:40:13,0.206012,5701,,,,
なんつーか、日本の決定力不足_けよく刁る #soccer #daihyo,23:40:14,0.055374333,5702,,,,
兰打てよ＼ #daihyo,23:40:15,0.993766,5703,,,,
か～がわ！今はダメ_ #daihyo,23:40:16,0.00530685,5704,,,,
_から宽美サイドで使ったら生きなあ_ってば。使ぁ1トップかトップ下#daihyo #日本代表,23:40:21,0.1390785,5709,,,,
RT @sushipoyo72: もう半テンポ早くちめ_぀#daihyo #JPN,23:40:32,0.007944333,5720,,,,
大好きな乾選手が活躍してくれて本当に嬉したずっと応援してきて良かった #daihyo #乾貴士,23:40:32,0.242382625,5720,,,,
RT @kasimalove_33: 岳ナイス相手オウンゴールで日本3-1#daihyo https://t.co/nQ7BMt0fBH,23:40:40,0.3831887,5728,,,,
楽しいから笑うんだよ。by香  #daihyo,23:40:41,0.064388,5729,,,,
香川シュート以外良#daihyo,23:40:48,0.039249,5736,,,,
香川ビヂチャンス_ったぞ#daihyo,23:40:58,0.97716,5746,,,,
兰じんでぁてよかった #daihyo,23:41:04,0.993766,5752,,,,
しょーじ。。ナイス#daihyo,23:41:26,0.812339,5774,,,,
めぱ4231の方がいぁ3バックとかいね帙をやめろ早くそして香川兰パスをかすな#日本代表#daihyo,23:41:28,0.1144535,5776,,,,
これでま_トップ下香川や_勢あんかよ。本田より_ぶぁも #daihyo,23:41:28,0.0103095,5776,,,,
送 これで本番の香川が凁んじキ    daihyo,23:41:43,0.046795667,5791,,,,
パラグアイはワンチャンの作り方がほんと凁。どれもしっかりチャンスになってる #daihyo,23:41:49,0.9670255,5797,,,,
ハリル正しかったw#daihyo,23:41:56,0.993836,5804,,,,
香川枠外にゴールが見える錯覚にかかってるか()#daihyo,23:42:00,0.03284575,5808,,,,
CBも今日の2人で良さそぁね #daihyo,23:42:18,0.109551667,5826,,,,
植田、、、良あね#daihyo,23:42:22,0.999995,5830,,,,
ヤバい急に楽しくなってきた(((ο(*▽*)ο))) #daihyo #reysol,23:42:40,0.013741,5848,,,,
日本人はなぜ特大ホ_ラン好きなのか#daihyo,23:42:40,0.93204,5848,,,,
トップ下香川より本田、本田より柴崎がぁ。ダブルボランチ長谷部と大島で #daihyo,23:43:31,0.0496065,5899,,,,
DF控えって呟いたけど〹島コンビ_晴らしかったです！すぁせん#daihyo,23:43:33,0.020830333,5901,,,,
香川ジションは良あ_よなポジションは笑あとは決める_けや #daihyo,23:43:42,0.084731,5910,,,,
ああああ自称ケイスケホンダの本田圭佑がでてくるぁ #daihyo,23:44:02,0.1711042,5930,,,,
高徳が上手すぎ #daihyo,23:44:04,0.985536,5932,,,,
Twitterで沸き上がる香川イス説 笑笑徹底してシュート以外ことめて#daihyo,23:44:04,0.168909,5932,,,,
本田と中村剛入れ替えればよくね#daihyo#カイトつぶめ,23:44:09,0.0101942,5937,,,,
正直、今本田が使えるとこって1トップしかえ #daihyo,23:44:13,0.15593677,5941,,,,
本田外して正解_な#daihyo,23:44:18,0.012393333,5946,,,,
シンジカガワケイスケホンダ論2018はシンジカガワの勝利で雵しそう#daihyo,23:44:25,0.081861,5953,,,,
本田出して何になんーーーーーん笑笑笑笑笑#daihyo,23:44:26,0.79035,5954,,,,
こり゜田はロスタイ_投入で良あww   #daihyo,23:44:37,0.118189333,5965,,,,
本田圭佑ベンチとウォーミングアゾーンがよく似合うなぼ#daihyo,23:44:37,0.152574571,5965,,,,
RT @paddock_watcher: 「よし、さすがに今日は大丈夫_ろ。#daihyo https://t.co/zqLRWWJcc2,23:44:38,0.2645,5966,,,,
香川ホ_ラン好#daihyo,23:44:45,0.93204,5973,,,,
今日の俺のサヂーTLに ぁもみんなが帰ってきたw みんな 生き生き あ_こ_言ってるし 暴言にも嬌があるw   みんなよかったなw     daihyo,23:44:56,0.06696725,5984,,,,
応援がかわよ#daihyo,23:45:09,0.972324,5997,,,,
ナイス、ごーと#daihyo,23:45:12,0.812339,6000,,,,
今日は何気にゴートクさんがかなり良ぁ思います。スーパサイヤ人が相手なので、コロンビア戦で先発できるかわかりませんが、かなり今日は良ぁす #daihyo,23:45:13,0.0010698,6001,,,,
香川でも玉の受け方上手ぁらランチ柴崎との相性は良のかもしれなね #daihyo,23:45:14,0.026039767,6002,,,,
高徳ナイス#daihyo,23:45:18,0.812339,6006,,,,
高徳良ね#daihyo,23:45:18,0.999995,6006,,,,
今日は豪徳目立ってるな #daihyo #ytv,23:45:20,0.03330925,6008,,,,
今日も酒井高がぁ #daihyo,23:45:27,0.061083,6015,,,,
応援ありがたぁー #daihyo,23:45:31,0.972324,6019,,,,
今日は高徳良ぼ #daihyo,23:45:31,0.6322475,6019,,,,
右の豪徳と左の豪徳は別人以上に別人で草めちめちタ用できるじゃん#daihyo,23:45:36,0.055299,6024,,,,
今日は高徳がよく見える #daihyo,23:45:36,0.274051667,6024,,,,
CBの鹿島コンビと左の高徳が、今日は良぀ #daihyo,23:46:01,0.0947582,6049,,,,
もいパラグアイで良な整になってるかな#daihyo,23:46:01,0.373059,6049,,,,
めぱり勝ってれ嬉し#daihyo,23:46:02,0.186602333,6050,,,,
今原口は上手かったけどな #daihyo,23:46:22,0.00530685,6070,,,,
動きは良かった#daihyo,23:46:31,0.086388,6079,,,,
RT @p4pyonpyon: めぱり勝ってれ嬉し#daihyo,23:46:36,0.186602333,6084,,,,
今はよかった大迫ぉぉぉぉぉぉ #daihyo,23:46:38,0.00530685,6086,,,,
今香川よかっ#daihyo,23:46:38,0.00530685,6086,,,,
大迫さん今日は楽しそぁな #daihyo,23:46:41,0.220778333,6089,,,,
オフサイドだけど_に入れられる大迫_晴らしぼ(?) #daihyo,23:46:46,0.139831,6094,,,,
#daihyoコロンビアは鹿島CBで行こ,23:46:52,0.240438,6100,,,,
今オフサイドビミョー😥#daihyo,23:46:57,0.00530685,6105,,,,
日本が一番苦手なクロージングを上手くやってみせろ #daihyo,23:47:26,0.4266745,6134,,,,
ナイスキーパ㼼 #daihyo,23:47:39,0.812339,6147,,,,
中村航輔ナイス#daihyo,23:47:49,0.812339,6157,,,,
GKは確かに中村が一番ノってる気がするな #soccer #daihyo,23:47:51,0.4732608,6159,,,,
#daihyo 宽美前より守備頑張ってね,23:47:51,0.2778665,6159,,,,
中村ええやーん。落ち着ぁる #daihyo,23:47:56,0.357692,6164,,,,
中村ナイスセー #daihyo,23:47:59,0.3341,6167,,,,
ベンチ雰囲気が良のが良ぁ #daihyo,23:47:59,0.2918135,6167,,,,
キーパは中村が一番ぁような気がする #daihyo,23:48:00,0.4732608,6168,,,,
中村航輔ナイスキャッ #daihyo,23:48:05,0.271121,6173,,,,
めぱ中村航輔が良あ#daihyo,23:48:08,0.999995,6176,,,,
第一キーパ中村で良ばがする#daihyo,23:48:08,0.4914803,6176,,,,
RT @Kaito_Yume723: 本田と中村剛入れ替えればよくね#daihyo#カイトつぶめ,23:48:15,0.0101942,6183,,,,
中村で良あん  #daihyo,23:48:19,0.999995,6187,,,,
2アシストシンジカガワが戦のスタメン確定かなでも、大チャンスを外すクセもあるで、今日のスタメンでトップ下だけケイスケホンダで挑のも面白そうかな  #daihyo #サヂー日本代表,23:48:27,0.03290716,6195,,,,
#daihyoロシア杯で適用される３つの新ルール(清水英)  - ロシアワールドカ特 - スポッ https://t.co/0TC5RmE4hG,23:48:27,0.039833167,6195,,,,
#日本対パラグアイ #daihyo #jfa 中村航輔ポジショニングは無茶苦茶_けど、やっぱ若ぁけあって溌剌としてんなぁ,23:48:28,0.1810776,6196,,,,
キーパは中村か()今気づぁ()#daihyo,23:48:30,0.644122283,6198,,,,
正GK中村だな #daihyo,23:48:36,0.990394,6204,,,,
Jリーグには何人もナカ_ラって良ぁ手いるよね #daihyo,23:48:41,0.057317333,6209,,,,
大迫のファーストディフェンス、_晴らし぀ #daihyo #SAMURAIBLUE,23:48:48,0.215201667,6216,,,,
もうキーパ中村で良く #daihyo,23:48:52,0.161618,6220,,,,
ニッポンニンと可愛らしい応援の声が響ぁぁ和 #daihyo,23:49:08,0.164419267,6236,,,,
おいおい、散々中村褒めてるＴ_ったに #daihyo,23:49:16,0.999979,6244,,,,
またの決まっちめ #daihyo,23:49:16,0.1563665,6244,,,,
守りきれよな #daihyo,23:49:17,0.987516,6245,,,,
気良く勝たせてはもらえん #daihyo,23:49:24,0.013391667,6252,,,,
今シュートヤバ…#daihyo,23:49:24,0.00530685,6252,,,,
ナイスゴールめ #daihyo,23:49:27,0.064686667,6255,,,,
若くてもパラグアイ、さすがのクオリヂ#daihyo,23:49:32,0.943407,6260,,,,
中村ノーチャンス #daihyo,23:49:40,0.3999435,6268,,,,
すっきり終わらせろよスゴイシュートではあるけど #daihyo,23:49:41,0.967757,6269,,,,
中村航輔やったな。良あュートだったけど、やったな #daihyo,23:49:41,0.3515005,6269,,,,
酒井高徳、調子良くて嬉した #daihyo,23:49:43,0.388429667,6271,,,,
おい褒めたん_から… #daihyo,23:49:44,0.999979,6272,,,,
_晴らしあュートやな　 #daihyo,23:49:54,0.141079667,6282,,,,
オウンゴールがあって良かった。よくなあ #daihyo,23:49:56,5.65E-05,6284,,,,
#daihyo詰めが甘いのは相変わらず,23:50:01,0.937962,6289,,,,
おおー今パラグアイのシュート上手ぁ凁㼼#JFA #daihyo,23:50:02,0.221734617,6290,,,,
パラグアイ、きっちり決めてくるなー#daihyo,23:50:03,0.0098965,6291,,,,
これ止めてたら中村正GKめたな #daihyo #ytv,23:50:04,0.1415695,6292,,,,
あぁ…おお #daihyo,23:50:06,0.96353,6294,,,,
こミドルは_直にパラグアイの選手を褒めるべ#daihyo,23:50:08,0.101733667,6296,,,,
ぁんナイスぁぁぁ #daihyo,23:50:09,0.86092025,6297,,,,
今香川ぁ #daihyo,23:50:13,0.00530685,6301,,,,
香川誂しい #daihyo,23:50:14,0.955201,6302,,,,
とりあえず、中村航輔が兰で良かった。あとは東口と中村どちらがスタメンか #daihyo,23:50:14,0.592656,6302,,,,
あら、このタイミングで決めたのは凁ね #daihyo,23:50:15,0.039494867,6303,,,,
中村、これ止めてたら正GK_ったにな#daihyo,23:50:16,0.1415695,6304,,,,
あっさり決めました♪ゴーーール #daihyo,23:50:17,0.030131,6305,,,,
それでもよく反応してあよ…航輔 #daihyo,23:50:18,0.079834,6306,,,,
はぁ、安_ #daihyo,23:50:19,0.955873,6307,,,,
ナイス香川 #daihyo,23:50:21,0.812339,6309,,,,
#daihyo香川ぁぁぁぁぁぼ良かったぁぁぁぁぁ,23:50:21,0.999995,6309,,,,
おぉ〦川、今日は久しぶりに輝いてあ#daihyo,23:50:21,0.625716,6309,,,,
香川決めて良かった良かっ#daihyo,23:50:23,0.358859667,6311,,,,
あらパラグアイ点目ミドルシュート威力あるな#daihyo,23:50:24,0.012294333,6312,,,,
良かった香川🎵#daihyo,23:50:24,0.999995,6312,,,,
香川決めた  #daihyo,23:50:25,0.0200595,6313,,,,
#daihyo ぁねえええええいあおおおおお_晴らし,23:50:25,0.998617,6313,,,,
良かった〦 #daihyo,23:50:25,0.999995,6313,,,,
最後に香川（笑）シメに香川 #daihyo,23:50:27,0.152623,6315,,,,
あ今はまじでぁかったよ〦#daihyo,23:50:28,0.00530685,6316,,,,
パラグアイDF ヘロヘロも()　#daihyo,23:50:28,0.96353,6316,,,,
落ち着ぁたな #daihyo,23:50:28,0.993768,6316,,,,
みたかみたか俺は信じてたぞ #daihyo,23:50:30,0.00328739,6318,,,,
香川らしいシュート！_晴らし぀#daihyo,23:50:30,0.3508115,6318,,,,
皁安忁る香川ゴール#daihyo,23:50:31,0.320751,6319,,,,
香川最後落ち着ぁたな #daihyo,23:50:31,0.167742,6319,,,,
#daihyoなんかもう笑っちめ楽しい楽しい楽しい,23:50:32,0.1332555,6320,,,,
あ良かった香#daihyo,23:50:32,0.999995,6320,,,,
香川こんどはきっちり決めてくれて良かっ #daihyo,23:50:32,0.339929333,6320,,,,
香川嬉しそう(^^) #daihyo,23:50:32,0.998871,6320,,,,
香川うまぁ笑）サヂーのドフリーはあれ_けど笑#daihyo,23:50:33,0.308762,6321,,,,
ナイスシュート香川＼#daihyo,23:50:34,0.2576725,6322,,,,
なにこ楽しい試ww#daihyo,23:50:35,0.223296,6323,,,,
香川㼼やった㼼ジ嬉しぼ#daihyo,23:50:35,0.998871,6323,,,,
っしゃーさすが香川や好き㼼 #daihyo #日本代表,23:50:35,0.003785,6323,,,,
香川ナイスw#daihyo,23:50:36,0.812339,6324,,,,
乾っ(^o^)丿乾っ(^o^)丿ぁ…OG()香川っ(^o^)丿#daihyo,23:50:36,0.3916195,6324,,,,
さすが〦川＼ 落ち着ぁたなー #daihyo,23:50:37,0.993768,6325,,,,
おお〦川ゴール。良かった良かった。これで香川スタメンは確定です #daihyo,23:50:38,0.4003104,6326,,,,
香川、さっき兰を決めたこととします() #daihyo,23:50:41,0.1140432,6329,,,,
あぁ今はドルトムント香川だったわ #daihyo,23:50:43,0.00530685,6331,,,,
取られて取り返したかw香川よあく本気を出したなw #daihyo,23:50:43,0.0212263,6331,,,,
ようめ香川にゴール今は落ち着ぁた#daihyo,23:50:44,0.219726617,6332,,,,
からの香川落ち着き払ったGOAL!!  #daihyo,23:50:44,0.28217,6332,,,,
香川その落ち着きが欲しかったん_よ_晴らし#daihyo,23:50:46,0.101773,6334,,,,
_晴らし #daihyo,23:50:52,0.998617,6340,,,,
香川、ー_ラン王からスタメン残留 #daihyo,23:50:52,0.19251,6340,,,,
しんじ＼もぁぁっこう楽しそぁサヂーしてる久しぶりに見た気がするわ＼ゴールおめでとぼ#daihyo,23:50:53,0.02449315,6341,,,,
ナイスゴール川＼ #daihyo,23:50:55,0.236222,6343,,,,
ええええ香川ぁぁぁぁぁぁYDK #daihyo,23:50:57,0.96353,6345,,,,
#daihyoこれこそ香川プレー俺が好きなプレー,23:50:57,0.162507333,6345,,,,
落ち着ぁ撁ば入るん_から #daihyo,23:51:00,0.314145,6348,,,,
香川きた(‾)。😟#daihyo 来週楽しみ。😟 https://t.co/j5kInX6QVW,23:51:01,0.339769,6349,,,,
香川キター嬉しすぎるっ #daihyo,23:51:02,0.998871,6350,,,,
今フジッビ逥様だから、フジッビが相手国応援するハッシュタグ連投してもらえ奇跡が起こるのでは#勝つのはパラグアイ#勝つのはコロンビア#勝つのはセネガル#勝つのはポラン#daihyo #fujitv,23:51:03,0.014687441,6351,,,,
香川選手ナイスゴールナイスシュート＼ #daihyo,23:51:04,0.0972624,6352,,,,
#daihyoおっと香川おかげで、すこし雰囲気持ち直したね(),23:51:05,0.111866,6353,,,,
冷静にもばできるんだから香川クン#daihyo,23:51:06,0.26558,6354,,,,
ダブルタッ()久しぶりに聞いたな #daihyo,23:51:06,0.125019,6354,,,,
良し❕ちもとゴール見た#daihyo,23:51:10,0.126438,6358,,,,
長友偉いね#daihyo #日本代表,23:51:10,0.147601,6358,,,,
香川さんナイス #daihyo,23:51:14,0.1071685,6362,,,,
RT @takanodan: ようめ香川にゴール今は落ち着ぁた#daihyo,23:51:15,0.219726617,6363,,,,
見てて楽しいな今日の試 #daihyo,23:51:17,0.237030667,6365,,,,
これでトップ下決定な#daihyo,23:51:19,0.131133,6367,,,,
自刂のゴールで終われるのは良ぁ #daihyo,23:51:20,0.33005,6368,,,,
本田圭佑終亮お知らせです#daihyo,23:51:22,0.128248,6370,,,,
カガーワ今日はよかった。ゴールもアシストも、何よりール引き出すジショニングがよかった。ト下めぱケイスケホンダじゃなくてカガーワ_な#daihyo,23:51:24,0.065538,6372,,,,
トップ下香川確定かな #daihyo,23:51:24,0.4264128,6372,,,,
よし川で行こぼ#daihyo,23:51:26,0.240438,6374,,,,
真司ぁぁぁぁぼ美しぁぁぁぁぁ好きぃぁぁぁぁ#daihyo #jfa #SAMURAIBLUE #日本代表,23:51:30,0.427542333,6378,,,,
ってようめ香川決めよったwwwwwでもこれで本番でもト下スタメン本田の線かなり薄くなったし良かった良かったwwww #daihyo,23:51:32,0.158316571,6380,,,,
これで〦川ト下確定でぁんすよ、監督 #daihyo,23:51:32,0.1027582,6380,,,,
アヂダス1番喜んでるな#daihyo,23:51:33,0.330781,6381,,,,
香川その調子で頑張ってくれ#daihyo,23:51:33,0.0740635,6381,,,,
ただトップ下香川と本田なら使える可能性ある #daihyo,23:51:37,0.00591482,6385,,,,
これで雰囲気良くなるとぁな #jfa #daihyo,23:51:40,0.124021,6388,,,,
香川ゴール1番嬉したdaihyo,23:51:49,0.106853,6397,,,,
#daihyo　香川決めて終われて良かったな。あのふかしで終わってたらキチもんな,23:51:52,0.346704667,6400,,,,
RT @rainmow: とりあえず、中村航輔が兰で良かった。あとは東口と中村どちらがスタメンか #daihyo,23:51:55,0.592656,6403,,,,
中村航輔クルンって回るの好きだよ（笑#daihyo,23:51:57,0.302911667,6405,,,,
植田柴崎乾はスタメン当確でもいぁらい_晴らしかっ #daihyo,23:52:02,0.409163,6410,,,,
久しぶりに面白ど合見た。本戦も_張れ日本代表#daihyo #SAMURAIBLUE #日本代表#ワールドカ2018,23:52:08,0.0274112,6416,,,,
パラグアイ戦、勝利#samuraiblue #daihyo,23:52:09,0.158408,6417,,,,
あっさり終わっ #daihyo #ntv,23:52:09,0.983673,6417,,,,
#daihyo良し＼,23:52:09,0.999995,6417,,,,
久々勝利 #daihyo,23:52:11,0.640964,6419,,,,
西野ジャパンようめ初勝利おめ #daihyo,23:52:14,0.1986605,6422,,,,
#daihyo西野JAPAN初勝利,23:52:16,0.1986605,6424,,,,
スタメンこれで行こンダプロは出すな #daihyo,23:52:17,0.10572745,6425,,,,
西野ジャパン、勝利 #daihyo,23:52:17,0.1986605,6425,,,,
良かった⚽お疲れ様でした#daihyo,23:52:20,0.999995,6428,,,,
今日はスピヂーで良かった　 #daihyo,23:52:24,0.6322475,6432,,,,
#daihyo勝ってよかったけど、も使った気がする,23:52:25,0.2155222,6433,,,,
4-2で勝利ーーーーっ #daihyo,23:52:26,0.640964,6434,,,,
な、、、ナイスゲー_乾ぁ笑い #daihyo,23:52:26,0.1726815,6434,,,,
おわた。勝利 #daihyo,23:52:26,0.1986605,6434,,,,
4-2勝利 #daihyo,23:52:26,0.640964,6434,,,,
香川‼周りが良ければ輝く清武ぁ時も良かった。乾とのコンビ期待できる #daihyo,23:52:26,0.349405125,6434,,,,
日本vsパラグアイ〼㼼でようめ勝利#JFA #daihyo,23:52:28,0.640964,6436,,,,
初勝利おめ #daihyo,23:52:28,0.1986605,6436,,,,
久しぶりに勝ちを見たwお疲れ様 #daihyo,23:52:28,0.166998,6436,,,,
久しぶりに楽しい試合だっ(#^_^#)#daihyo,23:52:29,0.223296,6437,,,,
勝った…良かった…香川かっこよかたぞ… #daihyo,23:52:32,0.345894,6440,,,,
まあパラグアイがちめとアレ_ったとはぁ、久々に面白かったですわ #daihyo,23:52:35,0.109852667,6443,,,,
良かった良かっ4-2でパラグアイに勝利 #daihyo,23:52:36,0.880318,6444,,,,
まあ〝白かったよ #daihyo,23:52:39,0.2726755,6447,,,,
ひっっっさしぶりに勝ちを見ることができた #daihyo,23:52:39,0.166998,6447,,,,
パラグアイ、良ぃー_パラグアイと試合できて良かったパラグアイ、ありがとm(_ _)m#Daihyo,23:52:39,0.1763072,6447,,,,
乾がた_ただ凁っ #daihyo,23:52:40,0.3883,6448,,,,
西野JAPAN初勝利ーーー良かったーーー今日は乾のお陰勢ほいた#daihyo,23:52:40,0.296305,6448,,,,
良く_張った…(´Д｀)｡ #daihyo,23:52:41,0.9908495,6449,,,,
あぁ安忁て寝られますありがとぁめでとぁれからも頑張って #daihyo,23:52:42,0.15720925,6450,,,,
勝った勝った㼼良かった良かっ#daihyo,23:52:44,0.345894,6452,,,,
#daihyo勝因ケイスケホンダ https://t.co/lkYa410rY8,23:52:44,0.275044,6452,,,,
ようめ勝利よかった #daihyo,23:52:48,0.640964,6456,,,,
良あメージで本番に望める#daihyo,23:52:49,0.138338667,6457,,,,
今日みたいなゲー_がガーナとかスイスとかにできてたらよかったにね#daihyo,23:52:50,0.0339585,6458,,,,
#日本代表 めと勝てたな 良かった良かっ 本番も_張 #daihyo,23:52:52,0.2280285,6460,,,,
#samuraiblue #サヂー #daihyo #jfa西野J4-2でパラグアイに勝利普通に強くてワロタ(),23:52:52,0.354519667,6460,,,,
トップ下誰が良ぁ#daihyo#日本代表,23:52:54,0.423124333,6462,,,,
こんなパラグアイ相手勝利・・・・勘違ぁちめけんけどまぁいぁ。勘違いして本線ロボロにもれればそれでOK　#daihyo,23:52:54,0.0775906,6462,,,,
今日は良かった。安眠できそ぀ #daihyo,23:52:56,0.742106333,6464,,,,
大迫も良かったよ  #daihyo,23:52:57,0.999995,6465,,,,
パラグアイもも_ったな #daihyo,23:52:57,0.137833,6465,,,,
(i_i)(^_^)頑張ったな♪もなぱ断の本田プロフェヂョナル_ #daihyo,23:52:58,0.13036616,6466,,,,
最後に勝ててほんまに良かっ#daihyo,23:52:58,0.060718,6466,,,,
まあ勝ててW杯に望めて良かった #daihyo,23:52:58,0.040153667,6466,,,,
ワールドカ予選以来〝白かったぞ #daihyo,23:52:59,0.276928667,6467,,,,
めぱ勝つと嬉しぁ #daihyo,23:53:01,0.158290333,6469,,,,
これは勢ぁく勝利この試合するなら応援する(ﾋﾗｸｰ#daihyo,23:53:01,0.0579,6469,,,,
勝った！良かった。ワールドカ本番も_張って#daihyo #JPN,23:53:03,0.344416,6471,,,,
W杯前に1戦でも勝利できて良かった😭香川選手もゴール決めて良かった😭これで良い触持って大会に入れる👏👏👏👏頑張れニン‼#daihyo,23:53:04,0.10497125,6472,,,,
良くやった乾貴士本番も_張れ#daihyo #代表戦,23:53:05,0.089855167,6473,,,,
初勝利🎉#daihyo,23:53:06,0.1986605,6474,,,,
これで脱ケースケホンダがKSKするかな#daihyo #言ぁぁ #本田圭,23:53:06,0.365391,6474,,,,
ここ1年くらぁ1番良ど合だった気がする(^○^)収穫のある試合で良かった！W杯でのスタメン改革が楽しみ#daihyo,23:53:08,0.012267036,6476,,,,
西野ジャパン初勝利#daihyo,23:53:12,0.1986605,6480,,,,
🇯🇵日本 4-2 パラグアイ🇵🇾快勝！良せ囲気で本戦頑張って  #daihyo,23:53:13,0.523186667,6481,,,,
勝って良かった  #daihyo,23:53:21,0.345894,6489,,,,
勝った良かった㼼 #daihyo,23:53:22,0.345894,6490,,,,
点をとって本番ぁてよかっ #jpn #daihyo,23:53:22,0.007833667,6490,,,,
勝っちめ #daihyo,23:53:23,0.170651,6491,,,,
ナイス西野JAPANとりあえずの1勝、もっと同じビジョン見れるよぁ精度あげてぁ #daihyo,23:53:23,0.2287054,6491,,,,
西野Japan初勝利おめ #daihyo,23:53:23,0.1986605,6491,,,,
【総括】あー、良かっ(安_)#daihyo,23:53:24,0.544811667,6492,,,,
乾ガクちも植田子！W酒井！武藤大迫よくやった＼ #daihyo,23:53:27,0.096178667,6495,,,,
西野ジャパン初勝利 #daihyo,23:53:29,0.1986605,6497,,,,
オワタ。乾様様 #daihyo,23:53:29,0.3934345,6497,,,,
これでワールドカ本番もいあメージでぁる #daihyo,23:53:30,0.128125667,6498,,,,
西野JAPAN初勝利さあ来週のコロンビア戦楽しみにしてますよ #daihyo,23:53:33,0.1505422,6501,,,,
なんかアギーレが抜擢してた選手が活躍した不思議な試合だっ #daihyo,23:53:34,0.0992886,6502,,,,
今日の試合フレヂュな気持ちで見られました_張れ #daihyo,23:53:34,0.232319667,6502,,,,
正直こパラグアイはひど぀ が本番前スパリング相手としては優秀 #daihyo,23:53:35,0.342190333,6503,,,,
ひっさしぶりに楽しかったよ #daihyo,23:53:35,0.995837,6503,,,,
良しこれで言える待ってろコロンビア #daihyo,23:53:35,0.108815,6503,,,,
ほしかった勝利なんつってるけど、強化試合だろが #daihyo,23:53:37,0.354004,6505,,,,
西野JAPAN初勝利 直前試合で勝てて良かった 今日はしっかり個々でもべきことができてた 反省はある_ろうけど、コロンビア戦から頑張ってほしい👍 #頑張れ西野JAPAN #daihyo,23:53:38,0.1677612,6506,,,,
めぱ勝ちは嬉しね～♪　#daihyo,23:53:40,0.5829345,6508,,,,
これで今日のスタメンをースにめてくれたら見る気になりそ぀この前よりもま_楽しく見れた #daihyo,23:53:40,0.1724089,6508,,,,
ちめとはw杯は期待して見よぁな#daihyo,23:53:41,0.2713115,6509,,,,
本番での番狂わせ期待してま #daihyo,23:53:41,0.109288667,6509,,,,
#daihyo4-2日本勝利✨お疲れ様です,23:53:45,0.640964,6513,,,,
良かった぀めと勝てた぀。嬉しね぀。でもま_不安だよ私…#daihyo,23:53:45,0.12346325,6513,,,,
乾香川でゴール取った勝利_良いじだったな#daihyo,23:53:46,0.0293506,6514,,,,
ナイス逻勝利 乾2ゴール_晴らしぼ川も落ち着ぁゴール これで浮わつぁゃメ_けど本大会が俄楽しみになってきた #daihyo #soccer,23:53:47,0.139137917,6515,,,,
#daihyoめぱりレスが緩ぁ香川輝くな,23:53:52,0.0176174,6520,,,,
これでワールドカが楽しみになってきた。前線大迫、乾〦川、元気＋柴崎でぁんじめぼ #daihyo,23:54:01,0.0492292,6529,,,,
香川選手ゴール見たかったから良かった〜〜✨✨ #daihyo,23:54:05,0.052874333,6533,,,,
#daihyoお疲れ様㼼久しぶり勝利は嬉しあ,23:54:06,0.8199175,6534,,,,
大迫乾 香 武藤長谷部 柴崎長 吉田 植田 酒井宏東口これがス #daihyo,23:54:09,0.402049,6537,,,,
#daihyoこままぁ流れで🙏🙏🙏頑張れ〜〜🇯🇵🇯🇵🇯🇵,23:54:11,0.0495315,6539,,,,
東口が発の西野ジャパン南米の強豪パラグアイと対戦北澤豪が解説#daihyo,23:54:18,0.035268,6546,,,,
RT @_d_s_7_: なんかアギーレが抜擢してた選手が活躍した不思議な試合だっ #daihyo,23:54:18,0.0992886,6546,,,,
香川ナイス勝って良かっ(^^)#daihyo,23:54:19,0.501375667,6547,,,,
パラグアイの忖度で西野ジャパンなんとか勝利#daihyo,23:54:24,0.007110333,6552,,,,
西野ジャパン初勝利( '')#daihyo,23:54:24,0.1986605,6552,,,,
勝つこと大事本番も_張れ#daihyo,23:54:26,0.0891304,6554,,,,
長友選手ライバル選手活躍にもニコニコでハイタッしに行くから好き#daihyo,23:54:27,0.150875143,6555,,,,
良かった良かったっっっ。ロシアで希望が見たあめぁぁぁぁぁぁぁっぁぁ#daihyo #jfa #SAMURAIBLUE #日本代表,23:54:29,0.1098076,6557,,,,
乾〦川、柿谷、清武ぁら面白かったな #daihyo,23:54:33,0.404454,6561,,,,
とにかく今日の試合勝利したことが大きいね。本番ガンバレよ！々も日本から全力で応援します #daihyo,23:54:39,0.180661429,6567,,,,
RT @51ext: 香川でも玉の受け方上手ぁらランチ柴崎との相性は良のかもしれなね #daihyo,23:54:40,0.026039767,6568,,,,
西野ジャパン初勝利ー #daihyo,23:54:43,0.1986605,6571,,,,
RT @Umakoto0729U: 点をとって本番ぁてよかっ #jpn #daihyo,23:54:46,0.007833667,6574,,,,
何ともあれ勝ったは良かった👍🏻ただ、パラグアイちめと緩かったかな…#daihyo,23:54:50,0.224699667,6578,,,,
楽しい試合だった。勝ったし。おめみなさいまし#daihyo,23:54:52,0.046128333,6580,,,,
パラグアイであまり強くなかったってもあるけど、とりあえず良かったか。 #daihyo,23:54:54,5.65E-05,6582,,,,
今日の試合CBは安忁て観れた #daihyo,23:54:56,0.232217333,6584,,,,
日本勝利‼ #daihyo,23:54:58,0.640964,6586,,,,
今日は香川が楽しそぁった(^O^)　これは本田△が際どぁ...動有ると観てて楽しいわ✊#daihyo,23:55:03,0.013978714,6591,,,,
西野japan初勝利おめでと #daihyo,23:55:08,0.1986605,6596,,,,
パラグアイがゆるいとしても点を取って勝てたことに価値があ #daihyo,23:55:11,0.1235415,6599,,,,
日本カヂー幸先良ぁ #daihyo,23:55:13,0.29924,6601,,,,
よしよしよし #西野ジャパン の形ができてきた。スイス戦の修正きちんと合わせてきた。本戦のスタメン悩ましい #daihyo #SAMURAIBLUE,23:55:15,0.1575325,6603,,,,
RT @honyani_imasu: 長友選手ライバル選手活躍にもニコニコでハイタッしに行くから好き#daihyo,23:55:16,0.150875143,6604,,,,
結果がて良かっ #daihyo,23:55:22,0.047079,6610,,,,
#daihyo #HINOMARU 🇯🇵ああ本番です。ワールドカの舞台で日本🎌を応援できることを楽しみましょ,23:55:23,0.217391,6611,,,,
西が丘貴公子よかった#daihyo https://t.co/Iv5N6soZhL,23:55:25,0.973294,6613,,,,
日本 4-2 パラグアイ乾選手大活躍で見事に勝利川選も久しぶりゴールで、とりあえずホット一安忀さあ、いよいよ本番西野ジャパン勝利を目持て_張れ！ニン✊‼#daihyo #JPN #SAMURAIBLUE #夢を力に2018,23:55:26,0.091059277,6614,,,,
RT @kumamon1546: #daihyo勝因ケイスケホンダ https://t.co/lkYa410rY8,23:55:27,0.275044,6615,,,,
コロンビア戦どぁぃンバでくるか楽しみ_#daihyo,23:55:32,0.102666,6620,,,,
柴 乾 香 昌 誂しい #daihyo,23:55:47,0.387455,6635,,,,
強化試合でも、やっぱり勝つのは嬉し #daihyo,23:55:53,0.196171,6641,,,,
RT @babymaybe1996: これでワールドカが楽しみになってきた。前線大迫、乾〦川、元気＋柴崎でぁんじめぼ #daihyo,23:55:59,0.0492292,6647,,,,
何ともあれ勝ちは勝ちゼ良かった、良かっ#daihyo,23:56:01,0.4111204,6649,,,,
1G2Aなら上来キ香 #daihyo,23:56:03,0.353755,6651,,,,
乾と真司、二人の一番良ぁころがた✨セレヂが日本を救った✨(*^^*)#Daihyo,23:56:07,0.511448,6655,,,,
パラグアイ戦、勝利スーパサイヤ人効果＼@YutoNagatomo5 #長友佑 #スーパサイヤ人 #日本代表 #daihyo #パラグアイ戦 https://t.co/WzjudRpBbO,23:56:09,0.080341429,6657,,,,
#daihyo乾はマリノスが育てt....,23:56:10,0.3783265,6658,,,,
イェーイ久しぶりに楽しかった#daihyo https://t.co/bobKFUK1rt,23:56:12,0.995837,6660,,,,
本戦でのご健闘をお祈りしてぁ 南無 #daihyo,23:56:13,0.981842,6661,,,,
乾選手インタビューよくやったぞ #daihyo,23:56:17,0.00178575,6665,,,,
乾くん2ゴールよかった。来週楽しみにしてぁす#daihyo,23:56:19,0.039838,6667,,,,
パラグアイが若手でもユルユルでも結果がた事_直に喜ます #daihyo,23:56:21,0.1800345,6669,,,,
取り敢えずコロンビア戦どんな面子を選ぶのか、楽しみにしとこう #daihyo,23:56:31,0.257132,6679,,,,
🎉㊗️にしん勝利(^o^) #daihyo #gamba #ガンバ大阪,23:56:32,0.1986605,6680,,,,
乾ハキハキしてて良ね#daihyo,23:56:40,0.409852,6688,,,,
めぱり香川と乾と柴崎やな、スタメンに入れて欲しいな、この3人はあ_けでボル落ち着くし〦川と乾のコンビ良き！いあじゃん？笑ジヂブに行きましょ#daihyo #WorldCup2018 https://t.co/cDCHx5TsHy,23:56:42,0.030428571,6690,,,,
相手がどぁあれ鹿島のCBの二人で勝てたは嬉し぀#daihyo #antlers,23:56:46,0.028505,6694,,,,
勝って良かった良かった🎶#daihyo,23:56:52,0.563927667,6700,,,,
RT @connie1018: 今フジッビ逥様だから、フジッビが相手国応援するハッシュタグ連投してもらえ奇跡が起こるのでは#勝つのはパラグアイ#勝つのはコロンビア#勝つのはセネガル#勝つのはポラン#daihyo #fujitv,23:56:56,0.014687441,6704,,,,
今年に入って初勝利か 何やかんめったけど勝てて良かったな  #daihyo,23:57:00,0.0846935,6708,,,,
セレヂの8番は偉大_な #daihyo,23:57:01,0.328208,6709,,,,
柴崎良かったわー #daihyo,23:57:09,0.999995,6717,,,,
ちめと緩ど合だったけど勝てたから良し。香川ゴールもあったし久しぶりに気持ちよく_れそ぀乾はめぱり良぀ #daihyo,23:57:09,0.111716143,6717,,,,
乾と香川良あンビが見れたはなかなかに感慨深あのがある #daihyo,23:57:22,0.11450325,6730,,,,
これは鹿島アントラーズの勝利と言っても良のでは#daihyo #antlers,23:57:30,0.475055333,6738,,,,
これで明るば持ちで本番に臨めるんじめぁすかなわし応援するで(´・ω㻽) #daihyo,23:57:37,0.1579965,6745,,,,
良かった良かった#daihyo,23:57:39,0.999995,6747,,,,
柴崎スタメン確定だろジショニングとパスが_晴らし #daihyo,23:57:46,0.1351349,6754,,,,
乾、柴崎〦川、武藤が良かった。ジション取ったかな。岡ちももどこかで使ぁね぀センターバックの鹿島セッも良かったな #daihyo,23:57:49,0.004375125,6757,,,,
誰がスタメンなろうが俺はどぁもい぀ただワールドカは(ｼ '')ｼ ﾞﾝﾊﾞﾝ楽しみたいんや(´ω｀)本田でも香川でも応援する╭( ㅂ･)وｳ#daihyo,23:57:52,0.0999552,6760,,,,
本田使ぁら、ワントップみ笑）去年の庳のアンロペみたいに缉本田はどぁても使ぁらフィニッシュ専門の選手よね笑）乾香川柴崎で攻撮絁立てはじゃね#日本代表 #daihyo,23:57:54,0.007761231,6762,,,,
乾ぁ顔♪頼りになる#daihyo,23:58:00,0.085907667,6768,,,,
期待度は #アルピdcg &gt;&gt;&gt;&gt;&gt;&gt;&gt;&gt;&gt;&gt;&gt; #daihyo,23:58:02,0.273681,6770,,,,
今日に関してはごめんなさい。　#daihyo https://t.co/uDFo48Ihlz,23:58:03,0.2645,6771,,,,
今日みたいながしゃらに勝ちを取りに行くチ__ったらW杯は応援しま #daihyo,23:58:05,0.142526333,6773,,,,
RT @Kaito_Yume723: 本田と中村剛入れ替えればよくね#daihyo#カイトつぶめ,23:58:14,0.0101942,6782,,,,
ぁけび捨てひどぼ #daihyo,23:58:17,0.96353,6785,,,,
初勝利おめでと #daihyo,23:58:22,0.1986605,6790,,,,
RT @honyani_imasu: 長友選手ライバル選手活躍にもニコニコでハイタッしに行くから好き#daihyo,23:58:27,0.150875143,6795,,,,
パラグアイ手抜ぁなwwwでも、応援しましょ正直、期待してる自刁どこかに居たので…頑張れ、日本#daihyo https://t.co/Ue0TefqHd4,23:58:39,0.3481615,6807,,,,
乾好 #daihyo,23:59:10,0.3758745,6838,,,,
GLは良くて全△もな#daihyo,23:59:13,0.999995,6841,,,,
今日は実質鹿島の勝利ですな(ω)#daihyo #antlers #鹿島アントラーズ #昌子 #植田直 #柴崎岳 #大迫勹,23:59:20,0.0055052,6848,,,,
来週は純粋に応援できそぁ #daihyo,23:59:24,0.137114667,6852,,,,
前半_け見てもらかにガーナ戦スイス戦よりは良かったん_よなあ #jfa #daihyo,23:59:37,0.04093425,6865,,,,
乾の攻撯もちろん良ぁど、エイバル行ってから本人も言ってた守備が良くなってる#daihyo,23:59:38,0.009007429,6866,,,,
乾無双おかげで、西野JAPAN初勝利乾の「周りに助けられてる」コメント_敵もか＼僕らあなたに救われてますっあとは本番を待つのみ#daihyo #親愛なるサヂークラスタ https://t.co/ApFXJe5sO0,23:59:44,0.114760575,6872,,,,